round,gamecode,person_id,name,team,x_pred,naive,logged_at
1,9,001844,"HACKETT, DANIEL",VIR,4.04,4.73,2026-09-25T17:17:46.076381+00:00
1,9,002849,"MELLI, NICOLO",ULK,10.83,10.62,2026-09-25T17:17:46.076381+00:00
1,9,002968,"SANLI, SERTAC",ULK,1.09,1.05,2026-09-25T17:17:46.076381+00:00
1,9,002969,"MAHMUTOGLU, MELIH",ULK,0.07,0.07,2026-09-25T17:17:46.076381+00:00
1,9,004888,"CLYBURN, WILL",ULK,15.74,15.43,2026-09-25T17:17:46.076381+00:00
1,9,006707,"BALDASSO, TOMMASO",VIR,0.0,0.0,2026-09-25T17:17:46.076381+00:00
1,9,006896,"SARGIUNAS, IGNAS",ULK,0.0,0.0,2026-09-25T17:17:46.076381+00:00
1,9,007200,"LARKIN, SHANE",ULK,16.14,15.84,2026-09-25T17:17:46.076381+00:00
1,9,007831,"SHIELDS, SHAVON",ULK,13.32,13.07,2026-09-25T17:17:46.076381+00:00
1,9,007929,"BITIM, ONURALP",ULK,2.2,2.16,2026-09-25T17:17:46.076381+00:00
1,9,009400,"CASARIN, DAVIDE",VIR,0.0,0.0,2026-09-25T17:17:46.076381+00:00
1,9,009863,"BALDWIN IV, WADE",ULK,17.55,17.23,2026-09-25T17:17:46.076381+00:00
1,9,011837,"KOKILA, KEVIN",VIR,0.0,0.0,2026-09-25T17:17:46.076381+00:00
1,9,012707,"CARR, MARCUS",VIR,0.0,0.0,2026-09-25T17:17:46.076381+00:00
1,9,013028,"BAIOCCHI, MATTEO",VIR,0.0,-0.9,2026-09-25T17:17:46.076381+00:00
1,9,013367,"FORREST, TRENT",ULK,14.46,14.19,2026-09-25T17:17:46.076381+00:00
1,9,013374,"DIOUF, MOUHAMET",VIR,9.71,10.98,2026-09-25T17:17:46.076381+00:00
1,9,013506,"BINGHAM, MARCUS",ULK,0.0,0.0,2026-09-25T17:17:46.076381+00:00
1,9,014005,"ALSTON JR. , DERRICK",VIR,7.85,9.14,2026-09-25T17:17:46.076381+00:00
1,9,014108,"DIARRA, ALIOU",VIR,5.4,6.1,2026-09-25T17:17:46.076381+00:00
1,9,014124,"HORTON TUCKER, TALEN",ULK,15.56,15.26,2026-09-25T17:17:46.076381+00:00
1,9,014168,"KEY, BRAXTON",ULK,7.09,6.95,2026-09-25T17:17:46.076381+00:00
1,9,014219,"FERRARI, FRANCESCO",VIR,2.47,2.87,2026-09-25T17:17:46.076381+00:00
1,9,014220,"SILVA, CHRIS",ULK,4.63,4.46,2026-09-25T17:17:46.076381+00:00
1,9,014416,"EDWARDS, KESSLER",VIR,4.71,5.48,2026-09-25T17:17:46.076381+00:00
1,9,014733,"JUZANG, JOHNNY",ULK,0.0,0.0,2026-09-25T17:17:46.076381+00:00
1,9,014737,"MOORE, WENDELL",VIR,0.0,0.0,2026-09-25T17:17:46.076381+00:00
1,9,014738,"KLINTMAN, BO",VIR,0.0,0.0,2026-09-25T17:17:46.076381+00:00
1,9,014802,"BELLO, RASHEED",VIR,0.0,0.0,2026-09-25T17:17:46.076381+00:00
1,9,015029,"FRAZIER, TRENT",VIR,0.0,0.0,2026-09-25T17:17:46.076381+00:00
1,10,001518,"RICCI, GIAMPAOLO",MIL,4.35,4.64,2026-09-25T17:17:46.076381+00:00
1,10,004004,"GUDURIC, MARKO",MIL,10.93,11.7,2026-09-25T17:17:46.076381+00:00
1,10,004194,"LAUVERGNE, JOFFREY",PAR,0.0,0.0,2026-09-25T17:17:46.076381+00:00
1,10,004761,"MARINKOVIC, VANJA",PAR,4.35,4.37,2026-09-25T17:17:46.076381+00:00
1,10,005637,"TANASKOVIC, NIKOLA",PAR,0.0,0.0,2026-09-25T17:17:46.076381+00:00
1,10,005670,"FLACCADORI, DIEGO",MIL,0.42,0.45,2026-09-25T17:17:46.076381+00:00
1,10,006509,"TONUT, STEFANO",MIL,0.69,0.74,2026-09-25T17:17:46.076381+00:00
1,10,006739,"PAJOLA, ALESSANDRO",PAR,7.6,7.22,2026-09-25T17:17:46.076381+00:00
1,10,007056,"BOOKER, DEVIN",MIL,9.83,10.06,2026-09-25T17:17:46.076381+00:00
1,10,007632,"NAKIC, MARIO",PAR,3.14,3.15,2026-09-25T17:17:46.076381+00:00
1,10,007736,"LAKIC, ARIJAN",PAR,2.22,2.23,2026-09-25T17:17:46.076381+00:00
1,10,007947,"VILDOZA, LUCA",PAR,10.95,10.4,2026-09-25T17:17:46.076381+00:00
1,10,008829,"PETERS, ALEC",MIL,8.35,8.91,2026-09-25T17:17:46.076381+00:00
1,10,008985,"BOLMARO, LEANDRO",MIL,10.45,11.19,2026-09-25T17:17:46.076381+00:00
1,10,009664,"WILLIS, DEREK",PAR,8.58,8.36,2026-09-25T17:17:46.076381+00:00
1,10,009733,"JEKIRI, TONYE",PAR,10.63,10.36,2026-09-25T17:17:46.076381+00:00
1,10,010390,"HAYES, KEVARRIUS",PAR,7.81,7.61,2026-09-25T17:17:46.076381+00:00
1,10,011078,"THOMPSON, DARIUS",MIL,9.7,10.38,2026-09-25T17:17:46.076381+00:00
1,10,011205,"HALL, DEVON",MIL,8.27,8.85,2026-09-25T17:17:46.076381+00:00
1,10,011816,"AKELE, NICOLA",MIL,2.92,3.11,2026-09-25T17:17:46.076381+00:00
1,10,011924,"ALLMAN, KYLE",PAR,0.0,0.0,2026-09-25T17:17:46.076381+00:00
1,10,012453,"DANILOVIC, UROS",PAR,0.0,0.0,2026-09-25T17:17:46.076381+00:00
1,10,012878,"WRIGHT, MOSES",MIL,17.59,18.0,2026-09-25T17:17:46.076381+00:00
1,10,012943,"MIJAILOVIC, UROS",PAR,0.0,-0.52,2026-09-25T17:17:46.076381+00:00
1,10,013369,"JONES, CARLIK",PAR,18.5,17.57,2026-09-25T17:17:46.076381+00:00
1,10,013385,"DIOP, OUSMANE",MIL,0.56,0.57,2026-09-25T17:17:46.076381+00:00
1,10,013929,"COLE, RJ",MIL,0.0,0.0,2026-09-25T17:17:46.076381+00:00
1,10,014009,"STEVENS, LAMAR",PAR,8.32,8.35,2026-09-25T17:17:46.076381+00:00
1,10,014742,"THOMPSON, ETHAN",PAR,0.0,0.0,2026-09-25T17:17:46.076381+00:00
1,10,014782,"BURNELL, JASON",MIL,0.0,0.0,2026-09-25T17:17:46.076381+00:00
1,10,014783,"MATHEWS, GARRISON",MIL,0.0,0.0,2026-09-25T17:17:46.076381+00:00
2,11,003112,"SARIC, DARIO",IST,28.03,27.3,2026-09-29T16:57:25.068556+00:00
2,11,003733,"ABALDE, ALBERTO",MAD,1.24,-1.05,2026-09-29T16:57:25.068556+00:00
2,11,004093,"YILDIZLI, BURAKCAN",IST,0.0,0.0,2026-09-29T16:57:25.068556+00:00
2,11,005368,"YUSTA, SANTI",IST,3.08,3.15,2026-09-29T16:57:25.068556+00:00
2,11,005791,"TAVARES, WALTER",MAD,9.6,5.25,2026-09-29T16:57:25.068556+00:00
2,11,005844,"PAPAGIANNIS, GEORGIOS",IST,5.2,5.46,2026-09-29T16:57:25.068556+00:00
2,11,005928,"CAMPAZZO, FACUNDO",MAD,10.56,7.35,2026-09-29T16:57:25.068556+00:00
2,11,005985,"JAMES, MIKE",IST,22.11,25.2,2026-09-29T16:57:25.068556+00:00
2,11,006372,"YILMAZ, ERKAN",IST,0.57,0.0,2026-09-29T16:57:25.068556+00:00
2,11,006833,"SARR, OLIVIER",MAD,6.7,7.35,2026-09-29T16:57:25.068556+00:00
2,11,007027,"MALEDON, THEO",MAD,14.36,16.8,2026-09-29T16:57:25.068556+00:00
2,11,007630,"GARUBA, USMAN",MAD,5.98,6.56,2026-09-29T16:57:25.068556+00:00
2,11,008099,"STRAZEL, MATTHEW",IST,11.27,11.55,2026-09-29T16:57:25.068556+00:00
2,11,008176,"MUTAF, DAVID",IST,0.56,0.58,2026-09-29T16:57:25.068556+00:00
2,11,008384,"PROCIDA, GABRIELE",MAD,0.77,1.05,2026-09-29T16:57:25.068556+00:00
2,11,009005,"DECK, GABRIEL",MAD,3.03,-2.1,2026-09-29T16:57:25.068556+00:00
2,11,009549,"CORDINIER, ISAIA",IST,8.86,9.1,2026-09-29T16:57:25.068556+00:00
2,11,009754,"LOYD, JORDAN",IST,2.64,-5.25,2026-09-29T16:57:25.068556+00:00
2,11,010318,"DESSERT, BRICE",IST,4.89,5.14,2026-09-29T16:57:25.068556+00:00
2,11,010393,"PRADILLA, JAIME",MAD,7.27,6.3,2026-09-29T16:57:25.068556+00:00
2,11,011247,"FELIZ, ANDRES",MAD,7.37,8.4,2026-09-29T16:57:25.068556+00:00
2,11,012080,"LUWAWU-CABARROT, TIMOTHE",MAD,10.04,5.25,2026-09-29T16:57:25.068556+00:00
2,11,012609,"MALCOLM, COLLIN",IST,9.0,9.45,2026-09-29T16:57:25.068556+00:00
2,11,012613,"JANTUNEN, MIKAEL",MAD,7.25,10.5,2026-09-29T16:57:25.068556+00:00
2,11,012710,"OSMANI, ERCAN",IST,8.81,6.3,2026-09-29T16:57:25.068556+00:00
2,11,012742,"DOZIER, PJ",IST,3.5,0.0,2026-09-29T16:57:25.068556+00:00
2,11,013422,"FENEMEN, RUZGAR",IST,0.0,0.0,2026-09-29T16:57:25.068556+00:00
2,11,013431,"KARUTASU, DARIUS",IST,0.0,0.0,2026-09-29T16:57:25.068556+00:00
2,11,013667,"FERNANDO, BRUNO",IST,6.24,3.15,2026-09-29T16:57:25.068556+00:00
2,11,013943,"RUSSELL, DARON",IST,2.05,2.1,2026-09-29T16:57:25.068556+00:00
2,11,014006,"OKEKE, CHUMA",MAD,7.61,8.35,2026-09-29T16:57:25.068556+00:00
2,11,014102,"JONES, KAI",IST,7.08,7.35,2026-09-29T16:57:25.068556+00:00
2,11,015102,"SHULGA, MAKSYM",MAD,0.0,0.0,2026-09-29T16:57:25.068556+00:00
2,11,015103,"JONES, DAMIAN",MAD,11.48,12.6,2026-09-29T16:57:25.068556+00:00
2,11,015244,"SMITH JR, NICK",MAD,0.0,0.0,2026-09-29T16:57:25.068556+00:00
2,11,F12145,"SMITH JR, NICK",MAD,0.0,0.0,2026-09-28T15:15:37.608732+00:00
2,11,TGB,"LLULL, SERGIO",MAD,1.9,2.0,2026-09-29T16:57:25.068556+00:00
2,12,002580,"MICIC, VASILIJE",HTA,8.23,6.3,2026-09-29T17:36:25.928292+00:00
2,12,002939,"SATORANSKY, TOMAS",HTA,5.08,0.0,2026-09-29T17:36:25.928292+00:00
2,12,004007,"DOBRIC, OGNJEN",RED,1.61,-1.05,2026-09-29T17:36:25.928292+00:00
2,12,004161,"SEGEV, ITAY",HTA,0.0,-0.7,2026-09-29T17:36:25.928292+00:00
2,12,004846,"TIMOR, BAR",HTA,0.32,0.0,2026-09-29T17:36:25.928292+00:00
2,12,006482,"KRAMER, DAVID",RED,5.9,10.5,2026-09-29T17:36:25.928292+00:00
2,12,007960,"DAVIDOVAC, DEJAN",RED,2.45,2.47,2026-09-29T17:36:25.928292+00:00
2,12,008858,"ENNIS, TYLER",HTA,1.54,1.68,2026-09-29T17:36:25.928292+00:00
2,12,008912,"CARRINGTON, KHADEEN",HTA,0.0,0.0,2026-09-29T17:36:25.928292+00:00
2,12,008987,"LEDAY, ZACH",HTA,13.79,13.65,2026-09-29T17:36:25.928292+00:00
2,12,009846,"BRYANT, ELIJAH",HTA,15.6,13.65,2026-09-29T17:36:25.928292+00:00
2,12,009877,"BLAYZER, OZ",HTA,0.0,0.0,2026-09-29T17:36:25.928292+00:00
2,12,010262,"DJURISIC, NIKOLA",RED,0.0,0.0,2026-09-29T17:36:25.928292+00:00
2,12,010391,"WEILER-BABB, NICK",RED,3.28,-4.2,2026-09-29T17:36:25.928292+00:00
2,12,010550,"GINAT, TOMER",HTA,2.23,2.38,2026-09-29T17:36:25.928292+00:00
2,12,010568,"JONES, CHRIS",RED,20.97,26.25,2026-09-29T17:36:25.928292+00:00
2,12,011157,"MOTLEY, JOHNATHAN",RED,0.0,-13.65,2026-09-29T17:36:25.928292+00:00
2,12,011193,"BLATT, TAMIR",HTA,8.53,9.28,2026-09-29T17:36:25.928292+00:00
2,12,011305,"CARTER, TYSON",RED,2.61,3.15,2026-09-29T17:36:25.928292+00:00
2,12,011823,"ODIASE, TAI",HTA,1.92,1.05,2026-09-29T17:36:25.928292+00:00
2,12,011982,"OJELEYE, SEMI",RED,8.77,9.45,2026-09-29T17:36:25.928292+00:00
2,12,012096,"CABOCLO, BRUNO",HTA,2.54,0.0,2026-09-29T17:36:25.928292+00:00
2,12,012201,"MONEKE, CHIMA",RED,14.38,10.5,2026-09-29T17:36:25.928292+00:00
2,12,012788,"OTURU, DAN",HTA,24.9,33.6,2026-09-29T17:36:25.928292+00:00
2,12,012806,"BJELIC, ANDREJ",RED,0.0,0.0,2026-09-29T17:36:25.928292+00:00
2,12,012948,"NEDELJKOVIC, ALEKSEJ",RED,0.0,0.0,2026-09-29T17:36:25.928292+00:00
2,12,013283,"PALATIN, GUY",HTA,0.06,0.07,2026-09-29T17:36:25.928292+00:00
2,12,013284,"WAINRIGHT, ISH",HTA,4.03,4.2,2026-09-29T17:36:25.928292+00:00
2,12,013363,"NWORA, JORDAN",RED,12.26,8.4,2026-09-29T17:36:25.928292+00:00
2,12,013402,"BLAKENEY, ANTONIO",HTA,8.36,7.35,2026-09-29T17:36:25.928292+00:00
2,12,014029,"IZUNDU, EBUKA",RED,10.74,9.45,2026-09-29T17:36:25.928292+00:00
2,12,014094,"MILJENOVIC, STEFAN",RED,0.0,-1.05,2026-09-29T17:36:25.928292+00:00
2,12,014163,"BUTLER, JARED",RED,11.68,11.55,2026-09-29T17:36:25.928292+00:00
2,12,014728,"BALDWIN, PATRICK",RED,0.0,0.0,2026-09-29T17:36:25.928292+00:00
2,12,015151,"TOPPIN, JACOB",HTA,13.79,14.7,2026-09-29T17:36:25.928292+00:00
2,12,015152,"GERMAN, EUGENE",HTA,1.93,2.1,2026-09-29T17:36:25.928292+00:00
2,12,015153,"COFFEY, AMIR",HTA,0.0,0.0,2026-09-29T17:36:25.928292+00:00
2,12,F11497,"MEDAREVIC, VOJIN",RED,0.0,0.0,2026-09-29T17:36:25.928292+00:00
2,12,F11510,"BOURDILLON, FREDERIC",HTA,0.0,0.0,2026-09-29T17:36:25.928292+00:00
2,12,F4215,"HEIDEGGER, MAX",HTA,0.0,0.0,2026-09-29T17:36:25.928292+00:00
2,13,001133,"SHENGELIA, TORNIKE",DUB,9.54,3.15,2026-09-29T15:16:03.247206+00:00
2,13,002581,"JAITEH, MAM",DUB,0.0,0.0,2026-09-29T15:16:03.247206+00:00
2,13,002661,"PREPELIC, KLEMEN",DUB,2.7,2.7,2026-09-29T15:16:03.247206+00:00
2,13,003458,"BERTANS, DAVIS",DUB,3.29,1.05,2026-09-29T15:16:03.247206+00:00
2,13,005942,"DANGUBIC, NEMANJA",DUB,0.33,0.32,2026-09-29T15:16:03.247206+00:00
2,13,006540,"MUSA, DZANAN",DUB,16.41,16.39,2026-09-29T15:16:03.247206+00:00
2,13,007464,"PARRA, JOEL",BAR,3.27,0.0,2026-09-29T15:16:03.247206+00:00
2,13,007553,"BALCEROWSKI, OLEK",BAR,14.33,14.7,2026-09-29T15:16:03.247206+00:00
2,13,008325,"KAMENJAS, KENAN",DUB,5.08,5.0,2026-09-29T15:16:03.247206+00:00
2,13,008855,"WALKUP, THOMAS",DUB,3.73,-2.1,2026-09-29T15:16:03.247206+00:00
2,13,009862,"PUNTER, KEVIN",BAR,17.17,23.1,2026-09-29T15:16:03.247206+00:00
2,13,009992,"BRIZUELA, DARIO",BAR,10.73,16.8,2026-09-29T15:16:03.247206+00:00
2,13,010062,"UBAL, AGUSTIN",BAR,0.0,0.0,2026-09-29T15:16:03.247206+00:00
2,13,010106,"NUNEZ, JUAN",BAR,0.0,0.0,2026-09-29T15:16:03.247206+00:00
2,13,011194,"PETRUSEV, FILIP",DUB,12.3,8.4,2026-09-29T15:16:03.247206+00:00
2,13,011199,"NEBO, JOSH",BAR,13.39,14.42,2026-09-29T15:16:03.247206+00:00
2,13,011212,"OKOBO, ELIE",DUB,11.93,11.55,2026-09-29T15:16:03.247206+00:00
2,13,011231,"BLOSSOMGAME, JARON",DUB,7.07,3.15,2026-09-29T15:16:03.247206+00:00
2,13,011286,"BACON, DWAYNE",DUB,24.32,32.55,2026-09-29T15:16:03.247206+00:00
2,13,011935,"MAKOUNDOU, YOAN",BAR,4.12,4.43,2026-09-29T15:16:03.247206+00:00
2,13,012606,"WRIGHT IV, MCKINLEY",DUB,12.85,9.45,2026-09-29T15:16:03.247206+00:00
2,13,012795,"ANDERSON, JUSTIN",DUB,6.56,6.45,2026-09-29T15:16:03.247206+00:00
2,13,012796,"KABENGELE, MFIONDU",DUB,15.53,12.6,2026-09-29T15:16:03.247206+00:00
2,13,012879,"KONE, ABDU",BAR,0.0,0.0,2026-09-29T15:16:03.247206+00:00
2,13,013855,"GIBSON, UMOJA",BAR,14.47,15.75,2026-09-29T15:16:03.247206+00:00
2,13,014008,"ROBINSON, JUSTIN",BAR,11.67,10.5,2026-09-29T15:16:03.247206+00:00
2,13,014027,"DIAKITE, MAMADI",DUB,9.06,7.35,2026-09-29T15:16:03.247206+00:00
2,13,014031,"KONDIC, KOSTA",DUB,1.52,0.0,2026-09-29T15:16:03.247206+00:00
2,13,014731,"MINTZ, DAVION",DUB,0.0,-1.05,2026-09-29T15:16:03.247206+00:00
2,13,015138,"MARTIN, TYRESE",BAR,0.0,-2.1,2026-09-29T15:16:03.247206+00:00
2,13,015139,"UMUDE, STANLEY",BAR,5.68,6.3,2026-09-29T15:16:03.247206+00:00
2,13,015140,"NKAMHOUA, OLIVIER",BAR,5.96,6.3,2026-09-29T15:16:03.247206+00:00
2,13,015141,"EVBUOMWAN, TOSAN",BAR,0.0,0.0,2026-09-29T15:16:03.247206+00:00
2,13,015142,"MINAYA, JUSTIN",BAR,3.86,4.2,2026-09-29T15:16:03.247206+00:00
2,14,000898,"VALANCIUNAS, JONAS",ZAL,23.2,25.2,2026-09-29T16:57:25.068556+00:00
2,14,001255,"PAPANIKOLAOU, KOSTAS",OLY,3.53,5.25,2026-09-29T16:57:25.068556+00:00
2,14,002328,"GRIGONIS, MARIUS",ZAL,0.17,0.0,2026-09-29T16:57:25.068556+00:00
2,14,002329,"ULANOVAS, EDGARAS",ZAL,7.29,7.35,2026-09-29T16:57:25.068556+00:00
2,14,002676,"BUTKEVICIUS, ARNAS",ZAL,7.23,6.3,2026-09-29T16:57:25.068556+00:00
2,14,003048,"DUNSTON, BRYANT",OLY,2.47,2.8,2026-09-29T16:57:25.068556+00:00
2,14,003469,"VEZENKOV, SASHA",OLY,27.49,31.5,2026-09-29T16:57:25.068556+00:00
2,14,003941,"MILUTINOV, NIKOLA",OLY,10.09,3.15,2026-09-29T16:57:25.068556+00:00
2,14,007029,"SIRVYDIS, DEIVIDAS",ZAL,2.47,2.43,2026-09-29T16:57:25.068556+00:00
2,14,007032,"LO, MAODO",ZAL,6.1,4.2,2026-09-29T16:57:25.068556+00:00
2,14,007513,"GIEDRAITIS, DOVYDAS",ZAL,0.88,0.0,2026-09-29T16:57:25.068556+00:00
2,14,007982,"WILLIAMS-GOSS, NIGEL",ZAL,0.0,14.7,2026-09-29T16:57:25.068556+00:00
2,14,008186,"BLAZEVIC, MAREK",ZAL,0.0,0.0,2026-09-29T16:57:25.068556+00:00
2,14,008192,"TUBELIS, AZUOLAS",ZAL,20.25,24.15,2026-09-29T16:57:25.068556+00:00
2,14,009048,"MILLER-MCINTYRE, CODI",OLY,7.98,2.1,2026-09-29T16:57:25.068556+00:00
2,14,009849,"DORSEY, TYLER",OLY,20.92,30.45,2026-09-29T16:57:25.068556+00:00
2,14,010042,"MONTERO, JEAN",OLY,17.85,19.95,2026-09-29T16:57:25.068556+00:00
2,14,010091,"PLOTAS, NIKOLAOS",OLY,0.0,0.0,2026-09-29T16:57:25.068556+00:00
2,14,011196,"HALL, DONTA",OLY,10.38,12.6,2026-09-29T16:57:25.068556+00:00
2,14,011927,"SLEVA, DUSTIN",ZAL,6.42,6.3,2026-09-29T16:57:25.068556+00:00
2,14,011981,"JONES, TYRIQUE",OLY,12.56,15.75,2026-09-29T16:57:25.068556+00:00
2,14,011987,"EDWARDS, CARSEN",ZAL,7.83,4.2,2026-09-29T16:57:25.068556+00:00
2,14,012610,"WARD, TYSON",OLY,9.68,12.6,2026-09-29T16:57:25.068556+00:00
2,14,012720,"BROWN, STERLING",ZAL,11.74,11.55,2026-09-29T16:57:25.068556+00:00
2,14,012731,"NDIAYE, MBAYE",OLY,5.79,2.1,2026-09-29T16:57:25.068556+00:00
2,14,013141,"BOURNELES, GEORGIOS",OLY,0.0,0.0,2026-09-29T16:57:25.068556+00:00
2,14,013380,"FOURNIER, EVAN",OLY,7.73,7.35,2026-09-29T16:57:25.068556+00:00
2,14,013389,"LEE, SABEN",ZAL,6.94,6.84,2026-09-29T16:57:25.068556+00:00
2,14,013845,"AKOBUNDU-EHIOGU, KAODIRICHI",ZAL,0.0,0.0,2026-09-29T16:57:25.068556+00:00
2,14,014122,"NETZIPOGLOU, OMIROS",OLY,0.0,-0.38,2026-09-29T16:57:25.068556+00:00
2,14,014316,"JOSEPH, CORY",OLY,0.0,-2.1,2026-09-29T16:57:25.068556+00:00
2,14,015126,"KARAGIANNIDIS, ANTONIS",OLY,0.0,0.0,2026-09-29T16:57:25.068556+00:00
2,14,F7347,"PAPAS, GEORGE",OLY,0.0,0.0,2026-09-29T16:57:25.068556+00:00
2,15,000796,"MIROTIC, NIKOLA",PAM,16.82,17.85,2026-09-29T18:11:08.090794+00:00
2,15,005596,"SIMA, YANKUBA",PAM,0.36,0.35,2026-09-29T18:11:08.090794+00:00
2,15,005713,"KURUCS, RODIONS",BAS,7.08,9.45,2026-09-29T18:11:08.090794+00:00
2,15,006643,"PUERTO, JOSEP",PAM,3.41,1.05,2026-09-29T18:11:08.090794+00:00
2,15,007230,"SEDEKERSKIS, TADAS",BAS,11.29,14.7,2026-09-29T18:11:08.090794+00:00
2,15,008173,"SPAGNOLO, MATTEO",BAS,6.25,7.35,2026-09-29T18:11:08.090794+00:00
2,15,010545,"SAKO, NEAL",PAM,10.49,13.65,2026-09-29T18:11:08.090794+00:00
2,15,010581,"OSETKOWSKI, DYLAN",PAM,4.91,2.1,2026-09-29T18:11:08.090794+00:00
2,15,010754,"MARI, LUCAS",PAM,0.0,0.0,2026-09-29T18:11:08.090794+00:00
2,15,011214,"RIVERO, JASIEL",PAM,8.61,10.5,2026-09-29T18:11:08.090794+00:00
2,15,011217,"TAYLOR, KAMERON",PAM,18.16,17.85,2026-09-29T18:11:08.090794+00:00
2,15,011284,"FARIED, KENNETH",BAS,4.99,3.15,2026-09-29T18:11:08.090794+00:00
2,15,011706,"SAINT-SUPERY, MARIO",PAM,11.78,10.5,2026-09-29T18:11:08.090794+00:00
2,15,011948,"HOWARD, MARKUS",BAS,7.02,8.4,2026-09-29T18:11:08.090794+00:00
2,15,012608,"SHORTS, TJ",PAM,16.62,21.0,2026-09-29T18:11:08.090794+00:00
2,15,012700,"STEWART, DJ",BAS,0.0,-2.1,2026-09-29T18:11:08.090794+00:00
2,15,012738,"REUVERS, NATHAN",PAM,7.69,3.15,2026-09-29T18:11:08.090794+00:00
2,15,013384,"BROOKS, ARMONI",PAM,9.77,7.35,2026-09-29T18:11:08.090794+00:00
2,15,014026,"FRISCH, CLEMENT",BAS,2.02,0.0,2026-09-29T18:11:08.090794+00:00
2,15,014103,"SOUZA, PEDRO",BAS,0.0,0.0,2026-09-29T18:11:08.090794+00:00
2,15,014107,"JOKSIMOVIC, STEFAN",BAS,0.0,-1.05,2026-09-29T18:11:08.090794+00:00
2,15,014115,"MOORE, OMARI",PAM,5.94,3.15,2026-09-29T18:11:08.090794+00:00
2,15,014152,"SIMMONS, KOBI",BAS,7.33,5.25,2026-09-29T18:11:08.090794+00:00
2,15,014506,"ALVES DE SOUZA, THIERRY HENRY",BAS,0.0,0.0,2026-09-29T18:11:08.090794+00:00
2,15,014734,"LAWSON, A.J.",BAS,15.9,17.85,2026-09-29T18:11:08.090794+00:00
2,15,014735,"DUARTE, CHRIS",BAS,9.8,11.55,2026-09-29T18:11:08.090794+00:00
2,15,014736,"BAUGH, DAMION",BAS,8.45,9.45,2026-09-29T18:11:08.090794+00:00
2,15,014739,"GUEYE, MOUHAMADOU",PAM,0.0,0.0,2026-09-29T18:11:08.090794+00:00
2,15,014740,"CORBALAN, GONZALO",PAM,0.0,0.0,2026-09-29T18:11:08.090794+00:00
2,15,014741,"CARDENAS, ALVARO",PAM,1.12,1.05,2026-09-29T18:11:08.090794+00:00
2,16,001518,"RICCI, GIAMPAOLO",MIL,5.82,6.3,2026-09-29T18:11:08.090794+00:00
2,16,001844,"HACKETT, DANIEL",VIR,2.69,1.05,2026-09-29T18:11:08.090794+00:00
2,16,004004,"GUDURIC, MARKO",MIL,14.09,15.75,2026-09-29T18:11:08.090794+00:00
2,16,005670,"FLACCADORI, DIEGO",MIL,0.0,-1.05,2026-09-29T18:11:08.090794+00:00
2,16,006509,"TONUT, STEFANO",MIL,0.36,0.0,2026-09-29T18:11:08.090794+00:00
2,16,006707,"BALDASSO, TOMMASO",VIR,0.0,0.0,2026-09-29T18:11:08.090794+00:00
2,16,007056,"BOOKER, DEVIN",MIL,8.04,6.3,2026-09-29T18:11:08.090794+00:00
2,16,008829,"PETERS, ALEC",MIL,17.47,22.05,2026-09-29T18:11:08.090794+00:00
2,16,008985,"BOLMARO, LEANDRO",MIL,6.05,1.05,2026-09-29T18:11:08.090794+00:00
2,16,009400,"CASARIN, DAVIDE",VIR,0.0,0.0,2026-09-29T18:11:08.090794+00:00
2,16,011078,"THOMPSON, DARIUS",MIL,6.76,3.15,2026-09-29T18:11:08.090794+00:00
2,16,011205,"HALL, DEVON",MIL,13.91,16.8,2026-09-29T18:11:08.090794+00:00
2,16,011816,"AKELE, NICOLA",MIL,3.29,3.11,2026-09-29T18:11:08.090794+00:00
2,16,011837,"KOKILA, KEVIN",VIR,0.0,0.0,2026-09-29T18:11:08.090794+00:00
2,16,012707,"CARR, MARCUS",VIR,4.01,4.2,2026-09-29T18:11:08.090794+00:00
2,16,012878,"WRIGHT, MOSES",MIL,14.13,9.45,2026-09-29T18:11:08.090794+00:00
2,16,013028,"BAIOCCHI, MATTEO",VIR,0.0,-0.9,2026-09-29T18:11:08.090794+00:00
2,16,013374,"DIOUF, MOUHAMET",VIR,9.59,9.45,2026-09-29T18:11:08.090794+00:00
2,16,013385,"DIOP, OUSMANE",MIL,0.57,0.57,2026-09-29T18:11:08.090794+00:00
2,16,013929,"COLE, RJ",MIL,0.0,-6.3,2026-09-29T18:11:08.090794+00:00
2,16,014005,"ALSTON JR. , DERRICK",VIR,5.68,4.2,2026-09-29T18:11:08.090794+00:00
2,16,014108,"DIARRA, ALIOU",VIR,7.9,10.5,2026-09-29T18:11:08.090794+00:00
2,16,014219,"FERRARI, FRANCESCO",VIR,2.6,3.15,2026-09-29T18:11:08.090794+00:00
2,16,014416,"EDWARDS, KESSLER",VIR,8.32,12.6,2026-09-29T18:11:08.090794+00:00
2,16,014737,"MOORE, WENDELL",VIR,11.03,11.55,2026-09-29T18:11:08.090794+00:00
2,16,014738,"KLINTMAN, BO",VIR,2.72,3.15,2026-09-29T18:11:08.090794+00:00
2,16,014782,"BURNELL, JASON",MIL,0.0,0.0,2026-09-29T18:11:08.090794+00:00
2,16,014783,"MATHEWS, GARRISON",MIL,0.0,0.0,2026-09-29T18:11:08.090794+00:00
2,16,014802,"BELLO, RASHEED",VIR,0.0,-4.2,2026-09-29T18:11:08.090794+00:00
2,16,015029,"FRAZIER, TRENT",VIR,2.01,2.1,2026-09-29T18:11:08.090794+00:00
2,17,001288,"LUCIC, VLADIMIR",MUN,5.07,1.05,2026-09-29T17:36:25.928292+00:00
2,17,001557,"GIFFEY, NIELS",MUN,3.11,3.64,2026-09-29T17:36:25.928292+00:00
2,17,002849,"MELLI, NICOLO",ULK,9.75,8.4,2026-09-29T17:36:25.928292+00:00
2,17,002968,"SANLI, SERTAC",ULK,2.81,4.2,2026-09-29T17:36:25.928292+00:00
2,17,002969,"MAHMUTOGLU, MELIH",ULK,0.07,0.07,2026-09-29T17:36:25.928292+00:00
2,17,003958,"THIEMANN, JOHANNES",MUN,18.45,21.0,2026-09-29T17:36:25.928292+00:00
2,17,004508,"OBST, ANDREAS",MUN,13.67,19.95,2026-09-29T17:36:25.928292+00:00
2,17,004888,"CLYBURN, WILL",ULK,13.25,10.5,2026-09-29T17:36:25.928292+00:00
2,17,006896,"SARGIUNAS, IGNAS",ULK,4.18,4.2,2026-09-29T17:36:25.928292+00:00
2,17,007200,"LARKIN, SHANE",ULK,15.75,15.84,2026-09-29T17:36:25.928292+00:00
2,17,007201,"VOIGTMANN, JOHANNES",MUN,10.88,17.85,2026-09-29T17:36:25.928292+00:00
2,17,007519,"JOKUBAITIS, ROKAS",MUN,6.99,8.4,2026-09-29T17:36:25.928292+00:00
2,17,007831,"SHIELDS, SHAVON",ULK,14.33,14.7,2026-09-29T17:36:25.928292+00:00
2,17,007929,"BITIM, ONURALP",ULK,1.07,0.0,2026-09-29T17:36:25.928292+00:00
2,17,009513,"HOLLATZ, JUSTUS",MUN,1.31,-1.05,2026-09-29T17:36:25.928292+00:00
2,17,009863,"BALDWIN IV, WADE",ULK,15.29,13.65,2026-09-29T17:36:25.928292+00:00
2,17,010726,"JENSEN, TOBIAS",MUN,5.24,6.3,2026-09-29T17:36:25.928292+00:00
2,17,011244,"DA SILVA, OSCAR",MUN,3.71,1.05,2026-09-29T17:36:25.928292+00:00
2,17,012158,"JERKIC, NIKO",MUN,0.0,0.0,2026-09-29T17:36:25.928292+00:00
2,17,012597,"BALDWIN, KAMAR",MUN,4.85,5.83,2026-09-29T17:36:25.928292+00:00
2,17,012838,"SUSIC, ANDRIJA",MUN,0.0,0.0,2026-09-29T17:36:25.928292+00:00
2,17,013278,"WILEY, AUSTIN",MUN,3.69,4.2,2026-09-29T17:36:25.928292+00:00
2,17,013290,"JESSUP, JUSTINIAN",MUN,7.38,9.45,2026-09-29T17:36:25.928292+00:00
2,17,013367,"FORREST, TRENT",ULK,10.58,7.35,2026-09-29T17:36:25.928292+00:00
2,17,013370,"WASHINGTON, DUANE",MUN,9.24,11.11,2026-09-29T17:36:25.928292+00:00
2,17,013506,"BINGHAM, MARCUS",ULK,0.0,0.0,2026-09-29T17:36:25.928292+00:00
2,17,013541,"VOSSENBERG, CASPAR",MUN,0.0,0.0,2026-09-29T17:36:25.928292+00:00
2,17,013579,"FISCHER, KILIAN",MUN,0.0,0.0,2026-09-29T17:36:25.928292+00:00
2,17,014124,"HORTON TUCKER, TALEN",ULK,15.43,15.75,2026-09-29T17:36:25.928292+00:00
2,17,014134,"NORRIS, MILES",MUN,2.8,2.1,2026-09-29T17:36:25.928292+00:00
2,17,014168,"KEY, BRAXTON",ULK,16.58,23.1,2026-09-29T17:36:25.928292+00:00
2,17,014220,"SILVA, CHRIS",ULK,2.24,0.0,2026-09-29T17:36:25.928292+00:00
2,17,014732,"BEAUCHAMP, MARJON",MUN,4.49,5.25,2026-09-29T17:36:25.928292+00:00
2,17,014733,"JUZANG, JOHNNY",ULK,0.0,0.0,2026-09-29T17:36:25.928292+00:00
2,18,004194,"LAUVERGNE, JOFFREY",PAR,0.0,0.0,2026-09-29T18:11:08.090794+00:00
2,18,004761,"MARINKOVIC, VANJA",PAR,4.24,4.37,2026-09-29T18:11:08.090794+00:00
2,18,005637,"TANASKOVIC, NIKOLA",PAR,9.43,9.45,2026-09-29T18:11:08.090794+00:00
2,18,005793,"SY, BANDJA",PAR,0.0,0.0,2026-09-29T18:11:08.090794+00:00
2,18,006591,"NTILIKINA, FRANK",PRS,2.76,2.71,2026-09-29T18:11:08.090794+00:00
2,18,006739,"PAJOLA, ALESSANDRO",PAR,10.01,13.65,2026-09-29T18:11:08.090794+00:00
2,18,006904,"AYAYI, JOEL",PRS,2.2,2.16,2026-09-29T18:11:08.090794+00:00
2,18,007632,"NAKIC, MARIO",PAR,1.47,0.0,2026-09-29T18:11:08.090794+00:00
2,18,007736,"LAKIC, ARIJAN",PAR,2.76,3.15,2026-09-29T18:11:08.090794+00:00
2,18,007947,"VILDOZA, LUCA",PAR,9.39,9.45,2026-09-29T18:11:08.090794+00:00
2,18,007993,"M'BAYE, AMATH",PRS,6.71,6.49,2026-09-29T18:11:08.090794+00:00
2,18,009664,"WILLIS, DEREK",PAR,6.73,5.25,2026-09-29T18:11:08.090794+00:00
2,18,009733,"JEKIRI, TONYE",PAR,12.59,14.7,2026-09-29T18:11:08.090794+00:00
2,18,010390,"HAYES, KEVARRIUS",PAR,10.69,12.6,2026-09-29T18:11:08.090794+00:00
2,18,010431,"MORGAN, JEREMY",PRS,1.33,-3.15,2026-09-29T18:11:08.090794+00:00
2,18,011924,"ALLMAN, KYLE",PAR,5.97,6.3,2026-09-29T18:11:08.090794+00:00
2,18,011949,"HOMMES, DAULTON",PRS,2.7,1.05,2026-09-29T18:11:08.090794+00:00
2,18,012403,"FAYE, MOUHAMED",PRS,2.6,-2.1,2026-09-29T18:11:08.090794+00:00
2,18,012453,"DANILOVIC, UROS",PAR,0.0,0.0,2026-09-29T18:11:08.090794+00:00
2,18,012515,"TARPEY, TERRY",PRS,4.34,5.25,2026-09-29T18:11:08.090794+00:00
2,18,012611,"HERRERA, SEBASTIAN",PRS,6.39,7.35,2026-09-29T18:11:08.090794+00:00
2,18,012640,"HIFI, NADIR",PRS,12.93,7.35,2026-09-29T18:11:08.090794+00:00
2,18,012943,"MIJAILOVIC, UROS",PAR,0.0,-0.52,2026-09-29T18:11:08.090794+00:00
2,18,013369,"JONES, CARLIK",PAR,26.32,34.65,2026-09-29T18:11:08.090794+00:00
2,18,013373,"CAVALIERE, LEOPOLD",PRS,5.2,5.25,2026-09-29T18:11:08.090794+00:00
2,18,014009,"STEVENS, LAMAR",PAR,11.87,14.7,2026-09-29T18:11:08.090794+00:00
2,18,014010,"DOKOSSI, ALLAN",PRS,11.45,12.6,2026-09-29T18:11:08.090794+00:00
2,18,014178,"RHODEN, JARED",PRS,6.9,5.25,2026-09-29T18:11:08.090794+00:00
2,18,014742,"THOMPSON, ETHAN",PAR,0.0,-1.05,2026-09-29T18:11:08.090794+00:00
2,18,014801,"PEREIRA, MAOZINHA",PRS,0.0,0.0,2026-09-29T18:11:08.090794+00:00
2,18,015143,"ETIENNE, TYSON",PRS,9.63,9.45,2026-09-29T18:11:08.090794+00:00
2,18,015160,"JOHNSON, ALIZE",PRS,3.26,3.15,2026-09-29T18:11:08.090794+00:00
2,18,015168,"WARREN, TJ",PRS,5.43,5.25,2026-09-29T18:11:08.090794+00:00
2,18,F11531,"BOUNGOU-COLO, NOBEL",PRS,0.0,0.0,2026-09-29T18:11:08.090794+00:00
2,19,003091,"BIRSEN, METECAN",BES,0.96,0.0,2026-09-30T04:07:52.635455+00:00
2,19,003783,"UGURLU, BERK",BES,5.98,6.3,2026-09-30T04:07:52.635455+00:00
2,19,004132,"THEIS, DANIEL",TEL,11.17,9.45,2026-09-30T04:07:52.635455+00:00
2,19,004554,"ZIZIC, ANTE",BES,13.99,14.7,2026-09-30T04:07:52.635455+00:00
2,19,005763,"KORKMAZ, FURKAN",BES,0.0,0.0,2026-09-30T04:07:52.635455+00:00
2,19,006020,"EBO, AMIT",TEL,0.0,0.0,2026-09-30T04:07:52.635455+00:00
2,19,006661,"WILBEKIN, SCOTTIE",BES,9.57,13.65,2026-09-30T04:07:52.635455+00:00
2,19,006835,"HOARD, JAYLEN",TEL,19.7,21.0,2026-09-30T04:07:52.635455+00:00
2,19,007990,"DIBARTOLOMEO, JOHN",TEL,0.28,-3.15,2026-09-30T04:07:52.635455+00:00
2,19,009025,"BROWN, ANTHONY",BES,3.04,3.15,2026-09-30T04:07:52.635455+00:00
2,19,009680,"MORGAN, CONOR",BES,11.99,12.6,2026-09-30T04:07:52.635455+00:00
2,19,009783,"COLSON, BONZIE",TEL,5.15,1.05,2026-09-30T04:07:52.635455+00:00
2,19,010781,"LUNDBERG, IFFE",TEL,4.98,-3.15,2026-09-30T04:07:52.635455+00:00
2,19,011052,"MADAR, YAM",TEL,10.41,16.8,2026-09-30T04:07:52.635455+00:00
2,19,011219,"SORKIN, ROMAN",TEL,16.58,16.8,2026-09-30T04:07:52.635455+00:00
2,19,012233,"AKSU, YAGIZ",BES,0.0,0.0,2026-09-30T04:07:52.635455+00:00
2,19,013250,"DEJULIUS, DAVID",BES,6.28,6.3,2026-09-30T04:07:52.635455+00:00
2,19,013285,"DOTSON, DEVON",BES,11.95,12.6,2026-09-30T04:07:52.635455+00:00
2,19,013381,"RAYMAN, WILLIAM",TEL,2.03,1.05,2026-09-30T04:07:52.635455+00:00
2,19,013383,"GABRIEL, WENYEN",BES,6.35,7.35,2026-09-30T04:07:52.635455+00:00
2,19,013699,"CLARK III, JIMMY",TEL,8.39,7.35,2026-09-30T04:07:52.635455+00:00
2,19,014012,"LEAF, TJ",TEL,13.78,13.17,2026-09-30T04:07:52.635455+00:00
2,19,014015,"BACOT JR., ARMANDO",TEL,1.11,1.05,2026-09-30T04:07:52.635455+00:00
2,19,014120,"LAVI, GUR",TEL,2.39,2.28,2026-09-30T04:07:52.635455+00:00
2,19,014127,"BRISSETT, O'SHAE J",TEL,11.22,10.5,2026-09-30T04:07:52.635455+00:00
2,19,014207,"OMORUYI, EUGENE",BES,13.77,15.75,2026-09-30T04:07:52.635455+00:00
2,19,014785,"JEFFRIES, DAQUAN",BES,0.0,-3.15,2026-09-30T04:07:52.635455+00:00
2,19,014786,"NOWELL, JAYLEN",BES,12.95,13.65,2026-09-30T04:07:52.635455+00:00
2,19,015085,"WALLACE, KEATON",TEL,0.0,-3.15,2026-09-30T04:07:52.635455+00:00
2,19,F11523,"HUNTER, SHANE",TEL,0.0,0.0,2026-09-30T04:07:52.635455+00:00
2,20,000229,"JACKSON, EDWIN",ASV,3.42,4.11,2026-09-30T04:07:52.635455+00:00
2,20,001926,"SLOUKAS, KOSTAS",PAN,13.24,13.18,2026-09-30T04:07:52.635455+00:00
2,20,003526,"LIGHTY, DAVID",ASV,6.56,11.55,2026-09-30T04:07:52.635455+00:00
2,20,003842,"LESSORT, MATHIAS",PAN,23.09,29.4,2026-09-30T04:07:52.635455+00:00
2,20,004451,"KOUZELOGLOU, IOANNIS",PAN,0.0,0.0,2026-09-30T04:07:52.635455+00:00
2,20,006544,"MORAITIS, DIMITRIS",PAN,0.0,0.0,2026-09-30T04:07:52.635455+00:00
2,20,006760,"BONGA, ISAAC",PAN,7.99,1.05,2026-09-30T04:07:52.635455+00:00
2,20,006832,"PONS, YVES",ASV,9.62,11.55,2026-09-30T04:07:52.635455+00:00
2,20,007483,"DOSSOU-YOVO, MATHIS",ASV,0.0,0.0,2026-09-30T04:07:52.635455+00:00
2,20,007527,"BADIO, BRANCOU",PAN,8.69,7.35,2026-09-30T04:07:52.635455+00:00
2,20,007866,"MITOGLOU, KONSTANTINOS",PAN,10.56,14.7,2026-09-30T04:07:52.635455+00:00
2,20,007975,"FRANCISCO, SYLVAIN",PAN,20.56,18.9,2026-09-30T04:07:52.635455+00:00
2,20,008084,"MANTZOUKAS, ELEFTHERIOS",PAN,12.96,12.6,2026-09-30T04:07:52.635455+00:00
2,20,008811,"FALL, MOUSTAPHA",PAN,3.96,3.85,2026-09-30T04:07:52.635455+00:00
2,20,008962,"HAYES-DAVIS, NIGEL",PAN,13.9,13.52,2026-09-30T04:07:52.635455+00:00
2,20,009035,"BOLOMBOY, JOEL",ASV,4.95,5.25,2026-09-30T04:07:52.635455+00:00
2,20,010357,"YABUSELE, GUERSCHON",PAN,14.74,13.65,2026-09-30T04:07:52.635455+00:00
2,20,011085,"ROGKAVOPOULOS, NIKOLAOS",PAN,2.28,0.0,2026-09-30T04:07:52.635455+00:00
2,20,011204,"GRANT, JERIAN",PAN,9.14,9.45,2026-09-30T04:07:52.635455+00:00
2,20,011209,"KALAITZAKIS, PANAGIOTIS",PAN,1.49,2.1,2026-09-30T04:07:52.635455+00:00
2,20,011980,"SESTINA, NATHAN",ASV,0.49,0.0,2026-09-30T04:07:52.635455+00:00
2,20,012618,"MASSA, BODIAN",ASV,1.31,-1.05,2026-09-30T04:07:52.635455+00:00
2,20,012712,"HERNANGOMEZ, JUANCHO",PAN,13.68,13.65,2026-09-30T04:07:52.635455+00:00
2,20,012774,"NUNN, KENDRICK",PAN,16.5,16.43,2026-09-30T04:07:52.635455+00:00
2,20,013269,"CALE, MYLES",ASV,0.28,-2.1,2026-09-30T04:07:52.635455+00:00
2,20,013900,"GACH, BOTH",ASV,1.75,2.1,2026-09-30T04:07:52.635455+00:00
2,20,015159,"VARVARITIS, IASON",PAN,0.0,0.0,2026-09-30T04:07:52.635455+00:00
2,20,015161,"FODZO DADA, MARC-OWEN",ASV,16.57,17.85,2026-09-30T04:07:52.635455+00:00
2,20,015162,"WASHINGTON JR, TYTY",ASV,0.0,0.0,2026-09-30T04:07:52.635455+00:00
2,20,015163,"MILLS, PATTY",ASV,16.71,18.9,2026-09-30T04:07:52.635455+00:00
2,20,015164,"BESSON, HUGO",ASV,6.5,7.35,2026-09-30T04:07:52.635455+00:00
2,20,015165,"WATERS, TREMONT",ASV,0.0,-3.15,2026-09-30T04:07:52.635455+00:00
2,20,015166,"CROWDER, JAE",ASV,21.86,26.25,2026-09-30T04:07:52.635455+00:00
3,21,003112,"SARIC, DARIO",IST,16.97,18.9,2026-09-30T04:07:52.635455+00:00
3,21,004007,"DOBRIC, OGNJEN",RED,1.99,0.0,2026-09-30T04:07:52.635455+00:00
3,21,004093,"YILDIZLI, BURAKCAN",IST,0.0,0.0,2026-09-30T04:07:52.635455+00:00
3,21,005368,"YUSTA, SANTI",IST,1.89,2.1,2026-09-30T04:07:52.635455+00:00
3,21,005844,"PAPAGIANNIS, GEORGIOS",IST,4.91,5.46,2026-09-30T04:07:52.635455+00:00
3,21,005985,"JAMES, MIKE",IST,17.81,19.42,2026-09-30T04:07:52.635455+00:00
3,21,006372,"YILMAZ, ERKAN",IST,0.48,0.0,2026-09-30T04:07:52.635455+00:00
3,21,006482,"KRAMER, DAVID",RED,2.14,3.15,2026-09-30T04:07:52.635455+00:00
3,21,007960,"DAVIDOVAC, DEJAN",RED,2.45,2.47,2026-09-30T04:07:52.635455+00:00
3,21,008099,"STRAZEL, MATTHEW",IST,10.47,11.55,2026-09-30T04:07:52.635455+00:00
3,21,008176,"MUTAF, DAVID",IST,0.52,0.58,2026-09-30T04:07:52.635455+00:00
3,21,009549,"CORDINIER, ISAIA",IST,8.24,9.1,2026-09-30T04:07:52.635455+00:00
3,21,009754,"LOYD, JORDAN",IST,6.38,3.68,2026-09-30T04:07:52.635455+00:00
3,21,010262,"DJURISIC, NIKOLA",RED,0.0,0.0,2026-09-30T04:07:52.635455+00:00
3,21,010318,"DESSERT, BRICE",IST,4.62,5.14,2026-09-30T04:07:52.635455+00:00
3,21,010391,"WEILER-BABB, NICK",RED,6.06,1.58,2026-09-30T04:07:52.635455+00:00
3,21,010568,"JONES, CHRIS",RED,15.1,16.28,2026-09-30T04:07:52.635455+00:00
3,21,011157,"MOTLEY, JOHNATHAN",RED,0.0,-6.3,2026-09-30T04:07:52.635455+00:00
3,21,011305,"CARTER, TYSON",RED,5.44,7.88,2026-09-30T04:07:52.635455+00:00
3,21,011982,"OJELEYE, SEMI",RED,9.72,11.02,2026-09-30T04:07:52.635455+00:00
3,21,012201,"MONEKE, CHIMA",RED,14.69,11.55,2026-09-30T04:07:52.635455+00:00
3,21,012609,"MALCOLM, COLLIN",IST,6.44,5.78,2026-09-30T04:07:52.635455+00:00
3,21,012710,"OSMANI, ERCAN",IST,6.84,4.2,2026-09-30T04:07:52.635455+00:00
3,21,012742,"DOZIER, PJ",IST,7.76,9.45,2026-09-30T04:07:52.635455+00:00
3,21,012806,"BJELIC, ANDREJ",RED,0.0,0.0,2026-09-30T04:07:52.635455+00:00
3,21,012948,"NEDELJKOVIC, ALEKSEJ",RED,0.0,0.0,2026-09-30T04:07:52.635455+00:00
3,21,013363,"NWORA, JORDAN",RED,13.73,11.55,2026-09-30T04:07:52.635455+00:00
3,21,013422,"FENEMEN, RUZGAR",IST,0.0,0.0,2026-09-30T04:07:52.635455+00:00
3,21,013431,"KARUTASU, DARIUS",IST,0.0,0.0,2026-09-30T04:07:52.635455+00:00
3,21,013667,"FERNANDO, BRUNO",IST,7.5,6.82,2026-09-30T04:07:52.635455+00:00
3,21,013943,"RUSSELL, DARON",IST,2.85,3.15,2026-09-30T04:07:52.635455+00:00
3,21,014029,"IZUNDU, EBUKA",RED,9.32,7.88,2026-09-30T04:07:52.635455+00:00
3,21,014094,"MILJENOVIC, STEFAN",RED,0.0,-1.05,2026-09-30T04:07:52.635455+00:00
3,21,014102,"JONES, KAI",IST,8.01,9.98,2026-09-30T04:07:52.635455+00:00
3,21,014163,"BUTLER, JARED",RED,13.71,14.7,2026-09-30T04:07:52.635455+00:00
3,21,014728,"BALDWIN, PATRICK",RED,0.0,0.0,2026-09-30T04:07:52.635455+00:00
3,21,F11497,"MEDAREVIC, VOJIN",RED,0.0,0.0,2026-09-30T04:07:52.635455+00:00
3,22,002580,"MICIC, VASILIJE",HTA,8.52,5.78,2026-09-30T04:07:52.635455+00:00
3,22,002939,"SATORANSKY, TOMAS",HTA,7.49,4.2,2026-09-30T04:07:52.635455+00:00
3,22,003733,"ABALDE, ALBERTO",MAD,2.86,2.62,2026-09-30T04:07:52.635455+00:00
3,22,004161,"SEGEV, ITAY",HTA,0.0,-0.7,2026-09-30T04:07:52.635455+00:00
3,22,004846,"TIMOR, BAR",HTA,0.32,0.0,2026-09-30T04:07:52.635455+00:00
3,22,005791,"TAVARES, WALTER",MAD,12.08,9.98,2026-09-30T04:07:52.635455+00:00
3,22,005928,"CAMPAZZO, FACUNDO",MAD,12.09,12.08,2026-09-30T04:07:52.635455+00:00
3,22,006833,"SARR, OLIVIER",MAD,6.96,7.35,2026-09-30T04:07:52.635455+00:00
3,22,007027,"MALEDON, THEO",MAD,12.06,14.7,2026-09-30T04:07:52.635455+00:00
3,22,007630,"GARUBA, USMAN",MAD,6.21,6.56,2026-09-30T04:07:52.635455+00:00
3,22,008384,"PROCIDA, GABRIELE",MAD,0.75,1.05,2026-09-30T04:07:52.635455+00:00
3,22,008858,"ENNIS, TYLER",HTA,1.69,1.68,2026-09-30T04:07:52.635455+00:00
3,22,008912,"CARRINGTON, KHADEEN",HTA,0.0,-1.05,2026-09-30T04:07:52.635455+00:00
3,22,008987,"LEDAY, ZACH",HTA,14.28,13.65,2026-09-30T04:07:52.635455+00:00
3,22,009005,"DECK, GABRIEL",MAD,3.87,0.52,2026-09-30T04:07:52.635455+00:00
3,22,009846,"BRYANT, ELIJAH",HTA,22.17,23.1,2026-09-30T04:07:52.635455+00:00
3,22,009877,"BLAYZER, OZ",HTA,0.0,0.0,2026-09-30T04:07:52.635455+00:00
3,22,010393,"PRADILLA, JAIME",MAD,7.49,7.35,2026-09-30T04:07:52.635455+00:00
3,22,010550,"GINAT, TOMER",HTA,2.32,2.38,2026-09-30T04:07:52.635455+00:00
3,22,011193,"BLATT, TAMIR",HTA,9.37,9.28,2026-09-30T04:07:52.635455+00:00
3,22,011247,"FELIZ, ANDRES",MAD,8.87,12.08,2026-09-30T04:07:52.635455+00:00
3,22,011823,"ODIASE, TAI",HTA,4.03,4.73,2026-09-30T04:07:52.635455+00:00
3,22,012080,"LUWAWU-CABARROT, TIMOTHE",MAD,5.47,-2.62,2026-09-30T04:07:52.635455+00:00
3,22,012096,"CABOCLO, BRUNO",HTA,2.53,0.0,2026-09-30T04:07:52.635455+00:00
3,22,012613,"JANTUNEN, MIKAEL",MAD,5.95,7.88,2026-09-30T04:07:52.635455+00:00
3,22,012788,"OTURU, DAN",HTA,19.59,21.52,2026-09-30T04:07:52.635455+00:00
3,22,013283,"PALATIN, GUY",HTA,0.07,0.07,2026-09-30T04:07:52.635455+00:00
3,22,013284,"WAINRIGHT, ISH",HTA,4.77,5.25,2026-09-30T04:07:52.635455+00:00
3,22,013402,"BLAKENEY, ANTONIO",HTA,9.33,7.88,2026-09-30T04:07:52.635455+00:00
3,22,014006,"OKEKE, CHUMA",MAD,11.04,14.7,2026-09-30T04:07:52.635455+00:00
3,22,015102,"SHULGA, MAKSYM",MAD,0.0,0.0,2026-09-30T04:07:52.635455+00:00
3,22,015103,"JONES, DAMIAN",MAD,4.97,5.25,2026-09-30T04:07:52.635455+00:00
3,22,015151,"TOPPIN, JACOB",HTA,14.37,14.7,2026-09-30T04:07:52.635455+00:00
3,22,015152,"GERMAN, EUGENE",HTA,2.65,2.62,2026-09-30T04:07:52.635455+00:00
3,22,015153,"COFFEY, AMIR",HTA,0.0,0.0,2026-09-30T04:07:52.635455+00:00
3,22,015244,"SMITH JR, NICK",MAD,9.34,10.5,2026-09-30T04:07:52.635455+00:00
3,22,F11510,"BOURDILLON, FREDERIC",HTA,0.0,0.0,2026-09-30T04:07:52.635455+00:00
3,22,F12145,"SMITH JR, NICK",MAD,0.0,0.0,2026-09-28T15:15:37.608732+00:00
3,22,F4215,"HEIDEGGER, MAX",HTA,0.0,0.0,2026-09-30T04:07:52.635455+00:00
3,22,TGB,"LLULL, SERGIO",MAD,1.8,2.0,2026-09-30T04:07:52.635455+00:00
3,23,001255,"PAPANIKOLAOU, KOSTAS",OLY,3.7,5.25,2026-09-30T04:07:52.635455+00:00
3,23,001844,"HACKETT, DANIEL",VIR,1.46,-1.05,2026-09-30T04:07:52.635455+00:00
3,23,003048,"DUNSTON, BRYANT",OLY,1.24,0.0,2026-09-30T04:07:52.635455+00:00
3,23,003469,"VEZENKOV, SASHA",OLY,25.12,29.4,2026-09-30T04:07:52.635455+00:00
3,23,003941,"MILUTINOV, NIKOLA",OLY,10.58,3.15,2026-09-30T04:07:52.635455+00:00
3,23,006707,"BALDASSO, TOMMASO",VIR,4.07,4.2,2026-09-30T04:07:52.635455+00:00
3,23,009048,"MILLER-MCINTYRE, CODI",OLY,8.41,3.68,2026-09-30T04:07:52.635455+00:00
3,23,009400,"CASARIN, DAVIDE",VIR,0.0,0.0,2026-09-30T04:07:52.635455+00:00
3,23,009849,"DORSEY, TYLER",OLY,16.02,19.42,2026-09-30T04:07:52.635455+00:00
3,23,010042,"MONTERO, JEAN",OLY,18.65,21.0,2026-09-30T04:07:52.635455+00:00
3,23,010091,"PLOTAS, NIKOLAOS",OLY,0.0,0.0,2026-09-30T04:07:52.635455+00:00
3,23,011196,"HALL, DONTA",OLY,9.05,8.93,2026-09-30T04:07:52.635455+00:00
3,23,011837,"KOKILA, KEVIN",VIR,0.0,0.0,2026-09-30T04:07:52.635455+00:00
3,23,011981,"JONES, TYRIQUE",OLY,9.5,8.4,2026-09-30T04:07:52.635455+00:00
3,23,012610,"WARD, TYSON",OLY,10.29,13.12,2026-09-30T04:07:52.635455+00:00
3,23,012707,"CARR, MARCUS",VIR,7.63,7.88,2026-09-30T04:07:52.635455+00:00
3,23,012731,"NDIAYE, MBAYE",OLY,8.07,6.82,2026-09-30T04:07:52.635455+00:00
3,23,013028,"BAIOCCHI, MATTEO",VIR,0.0,-0.9,2026-09-30T04:07:52.635455+00:00
3,23,013141,"BOURNELES, GEORGIOS",OLY,0.0,0.0,2026-09-30T04:07:52.635455+00:00
3,23,013374,"DIOUF, MOUHAMET",VIR,7.06,5.25,2026-09-30T04:07:52.635455+00:00
3,23,013380,"FOURNIER, EVAN",OLY,9.45,10.5,2026-09-30T04:07:52.635455+00:00
3,23,014005,"ALSTON JR. , DERRICK",VIR,6.53,4.73,2026-09-30T04:07:52.635455+00:00
3,23,014108,"DIARRA, ALIOU",VIR,10.94,16.8,2026-09-30T04:07:52.635455+00:00
3,23,014122,"NETZIPOGLOU, OMIROS",OLY,0.0,-0.38,2026-09-30T04:07:52.635455+00:00
3,23,014219,"FERRARI, FRANCESCO",VIR,2.1,1.58,2026-09-30T04:07:52.635455+00:00
3,23,014316,"JOSEPH, CORY",OLY,2.16,-2.1,2026-09-30T04:07:52.635455+00:00
3,23,014416,"EDWARDS, KESSLER",VIR,9.52,13.12,2026-09-30T04:07:52.635455+00:00
3,23,014737,"MOORE, WENDELL",VIR,10.68,11.02,2026-09-30T04:07:52.635455+00:00
3,23,014738,"KLINTMAN, BO",VIR,6.16,6.3,2026-09-30T04:07:52.635455+00:00
3,23,014802,"BELLO, RASHEED",VIR,0.51,0.52,2026-09-30T04:07:52.635455+00:00
3,23,015029,"FRAZIER, TRENT",VIR,8.65,8.93,2026-09-30T04:07:52.635455+00:00
3,23,015126,"KARAGIANNIDIS, ANTONIS",OLY,0.0,0.0,2026-09-30T04:07:52.635455+00:00
3,23,F7347,"PAPAS, GEORGE",OLY,0.0,0.0,2026-09-30T04:07:52.635455+00:00
3,24,000898,"VALANCIUNAS, JONAS",ZAL,24.59,23.62,2026-09-30T04:07:52.635455+00:00
3,24,002328,"GRIGONIS, MARIUS",ZAL,3.56,6.3,2026-09-30T04:07:52.635455+00:00
3,24,002329,"ULANOVAS, EDGARAS",ZAL,5.92,5.78,2026-09-30T04:07:52.635455+00:00
3,24,002676,"BUTKEVICIUS, ARNAS",ZAL,6.88,6.82,2026-09-30T04:07:52.635455+00:00
3,24,006591,"NTILIKINA, FRANK",PRS,0.74,-1.05,2026-09-30T04:07:52.635455+00:00
3,24,006904,"AYAYI, JOEL",PRS,2.12,2.16,2026-09-30T04:07:52.635455+00:00
3,24,007029,"SIRVYDIS, DEIVIDAS",ZAL,1.66,1.05,2026-09-30T04:07:52.635455+00:00
3,24,007032,"LO, MAODO",ZAL,3.17,0.0,2026-09-30T04:07:52.635455+00:00
3,24,007513,"GIEDRAITIS, DOVYDAS",ZAL,0.17,-1.05,2026-09-30T04:07:52.635455+00:00
3,24,007982,"WILLIAMS-GOSS, NIGEL",ZAL,12.79,14.7,2026-09-30T04:07:52.635455+00:00
3,24,007993,"M'BAYE, AMATH",PRS,6.72,6.49,2026-09-30T04:07:52.635455+00:00
3,24,008186,"BLAZEVIC, MAREK",ZAL,1.64,1.58,2026-09-30T04:07:52.635455+00:00
3,24,008192,"TUBELIS, AZUOLAS",ZAL,17.91,23.62,2026-09-30T04:07:52.635455+00:00
3,24,010431,"MORGAN, JEREMY",PRS,4.0,2.1,2026-09-30T04:07:52.635455+00:00
3,24,011927,"SLEVA, DUSTIN",ZAL,4.55,3.68,2026-09-30T04:07:52.635455+00:00
3,24,011949,"HOMMES, DAULTON",PRS,1.97,0.0,2026-09-30T04:07:52.635455+00:00
3,24,011987,"EDWARDS, CARSEN",ZAL,11.48,12.08,2026-09-30T04:07:52.635455+00:00
3,24,012403,"FAYE, MOUHAMED",PRS,4.44,2.62,2026-09-30T04:07:52.635455+00:00
3,24,012515,"TARPEY, TERRY",PRS,5.1,6.82,2026-09-30T04:07:52.635455+00:00
3,24,012611,"HERRERA, SEBASTIAN",PRS,6.51,7.88,2026-09-30T04:07:52.635455+00:00
3,24,012640,"HIFI, NADIR",PRS,14.01,11.02,2026-09-30T04:07:52.635455+00:00
3,24,012720,"BROWN, STERLING",ZAL,12.36,13.65,2026-09-30T04:07:52.635455+00:00
3,24,013373,"CAVALIERE, LEOPOLD",PRS,5.53,5.78,2026-09-30T04:07:52.635455+00:00
3,24,013389,"LEE, SABEN",ZAL,6.64,6.84,2026-09-30T04:07:52.635455+00:00
3,24,013845,"AKOBUNDU-EHIOGU, KAODIRICHI",ZAL,0.0,0.0,2026-09-30T04:07:52.635455+00:00
3,24,014010,"DOKOSSI, ALLAN",PRS,6.76,5.78,2026-09-30T04:07:52.635455+00:00
3,24,014178,"RHODEN, JARED",PRS,9.66,11.02,2026-09-30T04:07:52.635455+00:00
3,24,014801,"PEREIRA, MAOZINHA",PRS,0.0,0.0,2026-09-30T04:07:52.635455+00:00
3,24,015143,"ETIENNE, TYSON",PRS,7.71,7.88,2026-09-30T04:07:52.635455+00:00
3,24,015160,"JOHNSON, ALIZE",PRS,3.26,3.15,2026-09-30T04:07:52.635455+00:00
3,24,015168,"WARREN, TJ",PRS,10.88,10.5,2026-09-30T04:07:52.635455+00:00
3,24,F11531,"BOUNGOU-COLO, NOBEL",PRS,0.0,0.0,2026-09-30T04:07:52.635455+00:00
3,25,003091,"BIRSEN, METECAN",BES,1.07,0.0,2026-09-30T04:07:52.635455+00:00
3,25,003783,"UGURLU, BERK",BES,6.28,6.3,2026-09-30T04:07:52.635455+00:00
3,25,004554,"ZIZIC, ANTE",BES,15.6,14.7,2026-09-30T04:07:52.635455+00:00
3,25,005763,"KORKMAZ, FURKAN",BES,0.0,0.0,2026-09-30T04:07:52.635455+00:00
3,25,006661,"WILBEKIN, SCOTTIE",BES,9.58,13.65,2026-09-30T04:07:52.635455+00:00
3,25,007464,"PARRA, JOEL",BAR,4.87,3.68,2026-09-30T04:07:52.635455+00:00
3,25,007553,"BALCEROWSKI, OLEK",BAR,13.64,15.23,2026-09-30T04:07:52.635455+00:00
3,25,009025,"BROWN, ANTHONY",BES,3.2,3.15,2026-09-30T04:07:52.635455+00:00
3,25,009680,"MORGAN, CONOR",BES,13.37,12.6,2026-09-30T04:07:52.635455+00:00
3,25,009862,"PUNTER, KEVIN",BAR,18.99,26.25,2026-09-30T04:07:52.635455+00:00
3,25,009992,"BRIZUELA, DARIO",BAR,4.63,4.2,2026-09-30T04:07:52.635455+00:00
3,25,010062,"UBAL, AGUSTIN",BAR,0.0,0.0,2026-09-30T04:07:52.635455+00:00
3,25,010106,"NUNEZ, JUAN",BAR,0.0,0.0,2026-09-30T04:07:52.635455+00:00
3,25,011199,"NEBO, JOSH",BAR,12.92,14.42,2026-09-30T04:07:52.635455+00:00
3,25,011935,"MAKOUNDOU, YOAN",BAR,3.97,4.43,2026-09-30T04:07:52.635455+00:00
3,25,012233,"AKSU, YAGIZ",BES,0.0,0.0,2026-09-30T04:07:52.635455+00:00
3,25,012879,"KONE, ABDU",BAR,0.0,0.0,2026-09-30T04:07:52.635455+00:00
3,25,013250,"DEJULIUS, DAVID",BES,6.28,6.3,2026-09-30T04:07:52.635455+00:00
3,25,013285,"DOTSON, DEVON",BES,12.56,12.6,2026-09-30T04:07:52.635455+00:00
3,25,013383,"GABRIEL, WENYEN",BES,7.08,7.35,2026-09-30T04:07:52.635455+00:00
3,25,013855,"GIBSON, UMOJA",BAR,12.95,14.18,2026-09-30T04:07:52.635455+00:00
3,25,014008,"ROBINSON, JUSTIN",BAR,10.1,7.88,2026-09-30T04:07:52.635455+00:00
3,25,014207,"OMORUYI, EUGENE",BES,14.61,15.75,2026-09-30T04:07:52.635455+00:00
3,25,014785,"JEFFRIES, DAQUAN",BES,0.0,-3.15,2026-09-30T04:07:52.635455+00:00
3,25,014786,"NOWELL, JAYLEN",BES,13.61,13.65,2026-09-30T04:07:52.635455+00:00
3,25,015138,"MARTIN, TYRESE",BAR,0.98,1.05,2026-09-30T04:07:52.635455+00:00
3,25,015139,"UMUDE, STANLEY",BAR,8.8,9.45,2026-09-30T04:07:52.635455+00:00
3,25,015140,"NKAMHOUA, OLIVIER",BAR,4.89,5.25,2026-09-30T04:07:52.635455+00:00
3,25,015141,"EVBUOMWAN, TOSAN",BAR,0.0,0.0,2026-09-30T04:07:52.635455+00:00
3,25,015142,"MINAYA, JUSTIN",BAR,1.44,1.58,2026-09-30T04:07:52.635455+00:00
3,26,000229,"JACKSON, EDWIN",ASV,4.15,4.11,2026-09-30T04:07:52.635455+00:00
3,26,000796,"MIROTIC, NIKOLA",PAM,15.08,17.85,2026-09-30T04:07:52.635455+00:00
3,26,003526,"LIGHTY, DAVID",ASV,7.95,11.55,2026-09-30T04:07:52.635455+00:00
3,26,005596,"SIMA, YANKUBA",PAM,0.33,0.35,2026-09-30T04:07:52.635455+00:00
3,26,006643,"PUERTO, JOSEP",PAM,6.06,7.35,2026-09-30T04:07:52.635455+00:00
3,26,006832,"PONS, YVES",ASV,11.66,11.55,2026-09-30T04:07:52.635455+00:00
3,26,007483,"DOSSOU-YOVO, MATHIS",ASV,0.0,0.0,2026-09-30T04:07:52.635455+00:00
3,26,009035,"BOLOMBOY, JOEL",ASV,6.86,5.25,2026-09-30T04:07:52.635455+00:00
3,26,010545,"SAKO, NEAL",PAM,7.46,8.93,2026-09-30T04:07:52.635455+00:00
3,26,010581,"OSETKOWSKI, DYLAN",PAM,9.18,11.55,2026-09-30T04:07:52.635455+00:00
3,26,010754,"MARI, LUCAS",PAM,0.0,0.0,2026-09-30T04:07:52.635455+00:00
3,26,011214,"RIVERO, JASIEL",PAM,7.49,10.5,2026-09-30T04:07:52.635455+00:00
3,26,011217,"TAYLOR, KAMERON",PAM,14.35,15.75,2026-09-30T04:07:52.635455+00:00
3,26,011706,"SAINT-SUPERY, MARIO",PAM,3.9,4.2,2026-09-30T04:07:52.635455+00:00
3,26,011980,"SESTINA, NATHAN",ASV,0.6,0.0,2026-09-30T04:07:52.635455+00:00
3,26,012608,"SHORTS, TJ",PAM,14.21,21.0,2026-09-30T04:07:52.635455+00:00
3,26,012618,"MASSA, BODIAN",ASV,1.59,-1.05,2026-09-30T04:07:52.635455+00:00
3,26,012738,"REUVERS, NATHAN",PAM,7.63,5.25,2026-09-30T04:07:52.635455+00:00
3,26,013269,"CALE, MYLES",ASV,0.34,-2.1,2026-09-30T04:07:52.635455+00:00
3,26,013384,"BROOKS, ARMONI",PAM,11.34,13.12,2026-09-30T04:07:52.635455+00:00
3,26,013900,"GACH, BOTH",ASV,2.12,2.1,2026-09-30T04:07:52.635455+00:00
3,26,014115,"MOORE, OMARI",PAM,7.42,7.88,2026-09-30T04:07:52.635455+00:00
3,26,014739,"GUEYE, MOUHAMADOU",PAM,0.0,0.0,2026-09-30T04:07:52.635455+00:00
3,26,014740,"CORBALAN, GONZALO",PAM,0.0,0.0,2026-09-30T04:07:52.635455+00:00
3,26,014741,"CARDENAS, ALVARO",PAM,0.97,1.05,2026-09-30T04:07:52.635455+00:00
3,26,015161,"FODZO DADA, MARC-OWEN",ASV,17.23,17.85,2026-09-30T04:07:52.635455+00:00
3,26,015162,"WASHINGTON JR, TYTY",ASV,0.0,0.0,2026-09-30T04:07:52.635455+00:00
3,26,015163,"MILLS, PATTY",ASV,18.24,18.9,2026-09-30T04:07:52.635455+00:00
3,26,015164,"BESSON, HUGO",ASV,7.09,7.35,2026-09-30T04:07:52.635455+00:00
3,26,015165,"WATERS, TREMONT",ASV,0.0,-3.15,2026-09-30T04:07:52.635455+00:00
3,26,015166,"CROWDER, JAE",ASV,26.5,26.25,2026-09-30T04:07:52.635455+00:00
3,27,001518,"RICCI, GIAMPAOLO",MIL,3.9,3.15,2026-09-30T04:07:52.635455+00:00
3,27,004004,"GUDURIC, MARKO",MIL,13.26,14.7,2026-09-30T04:07:52.635455+00:00
3,27,005670,"FLACCADORI, DIEGO",MIL,0.0,-1.05,2026-09-30T04:07:52.635455+00:00
3,27,005713,"KURUCS, RODIONS",BAS,6.56,6.3,2026-09-30T04:07:52.635455+00:00
3,27,006509,"TONUT, STEFANO",MIL,0.32,0.0,2026-09-30T04:07:52.635455+00:00
3,27,007056,"BOOKER, DEVIN",MIL,7.62,6.82,2026-09-30T04:07:52.635455+00:00
3,27,007230,"SEDEKERSKIS, TADAS",BAS,14.06,17.32,2026-09-30T04:07:52.635455+00:00
3,27,008173,"SPAGNOLO, MATTEO",BAS,6.59,5.78,2026-09-30T04:07:52.635455+00:00
3,27,008829,"PETERS, ALEC",MIL,11.52,13.12,2026-09-30T04:07:52.635455+00:00
3,27,008985,"BOLMARO, LEANDRO",MIL,5.78,1.58,2026-09-30T04:07:52.635455+00:00
3,27,011078,"THOMPSON, DARIUS",MIL,8.91,7.88,2026-09-30T04:07:52.635455+00:00
3,27,011205,"HALL, DEVON",MIL,11.43,13.65,2026-09-30T04:07:52.635455+00:00
3,27,011284,"FARIED, KENNETH",BAS,11.11,12.08,2026-09-30T04:07:52.635455+00:00
3,27,011816,"AKELE, NICOLA",MIL,3.18,3.11,2026-09-30T04:07:52.635455+00:00
3,27,011948,"HOWARD, MARKUS",BAS,4.39,1.58,2026-09-30T04:07:52.635455+00:00
3,27,012700,"STEWART, DJ",BAS,8.25,8.4,2026-09-30T04:07:52.635455+00:00
3,27,012878,"WRIGHT, MOSES",MIL,14.1,13.12,2026-09-30T04:07:52.635455+00:00
3,27,013385,"DIOP, OUSMANE",MIL,0.53,0.57,2026-09-30T04:07:52.635455+00:00
3,27,013929,"COLE, RJ",MIL,1.04,1.05,2026-09-30T04:07:52.635455+00:00
3,27,014026,"FRISCH, CLEMENT",BAS,4.16,3.68,2026-09-30T04:07:52.635455+00:00
3,27,014103,"SOUZA, PEDRO",BAS,0.0,0.0,2026-09-30T04:07:52.635455+00:00
3,27,014107,"JOKSIMOVIC, STEFAN",BAS,1.55,3.15,2026-09-30T04:07:52.635455+00:00
3,27,014152,"SIMMONS, KOBI",BAS,7.3,3.15,2026-09-30T04:07:52.635455+00:00
3,27,014506,"ALVES DE SOUZA, THIERRY HENRY",BAS,0.0,0.0,2026-09-30T04:07:52.635455+00:00
3,27,014734,"LAWSON, A.J.",BAS,15.48,15.75,2026-09-30T04:07:52.635455+00:00
3,27,014735,"DUARTE, CHRIS",BAS,7.22,7.35,2026-09-30T04:07:52.635455+00:00
3,27,014736,"BAUGH, DAMION",BAS,6.77,6.3,2026-09-30T04:07:52.635455+00:00
3,27,014782,"BURNELL, JASON",MIL,6.44,6.3,2026-09-30T04:07:52.635455+00:00
3,27,014783,"MATHEWS, GARRISON",MIL,3.12,3.15,2026-09-30T04:07:52.635455+00:00
3,28,001288,"LUCIC, VLADIMIR",MUN,5.92,1.58,2026-09-30T04:07:52.635455+00:00
3,28,001557,"GIFFEY, NIELS",MUN,3.7,3.64,2026-09-30T04:07:52.635455+00:00
3,28,003958,"THIEMANN, JOHANNES",MUN,16.12,15.75,2026-09-30T04:07:52.635455+00:00
3,28,004194,"LAUVERGNE, JOFFREY",PAR,0.0,0.0,2026-09-30T04:07:52.635455+00:00
3,28,004508,"OBST, ANDREAS",MUN,12.79,12.6,2026-09-30T04:07:52.635455+00:00
3,28,004761,"MARINKOVIC, VANJA",PAR,4.1,4.37,2026-09-30T04:07:52.635455+00:00
3,28,005637,"TANASKOVIC, NIKOLA",PAR,10.63,11.02,2026-09-30T04:07:52.635455+00:00
3,28,005793,"SY, BANDJA",PAR,0.0,0.0,2026-09-30T04:07:52.635455+00:00
3,28,006739,"PAJOLA, ALESSANDRO",PAR,9.28,12.08,2026-09-30T04:07:52.635455+00:00
3,28,007201,"VOIGTMANN, JOHANNES",MUN,9.87,13.12,2026-09-30T04:07:52.635455+00:00
3,28,007519,"JOKUBAITIS, ROKAS",MUN,11.18,11.02,2026-09-30T04:07:52.635455+00:00
3,28,007632,"NAKIC, MARIO",PAR,0.76,-1.05,2026-09-30T04:07:52.635455+00:00
3,28,007736,"LAKIC, ARIJAN",PAR,2.02,2.1,2026-09-30T04:07:52.635455+00:00
3,28,007947,"VILDOZA, LUCA",PAR,12.5,15.75,2026-09-30T04:07:52.635455+00:00
3,28,009513,"HOLLATZ, JUSTUS",MUN,1.69,-0.52,2026-09-30T04:07:52.635455+00:00
3,28,009664,"WILLIS, DEREK",PAR,6.51,5.25,2026-09-30T04:07:52.635455+00:00
3,28,009733,"JEKIRI, TONYE",PAR,14.59,18.9,2026-09-30T04:07:52.635455+00:00
3,28,010390,"HAYES, KEVARRIUS",PAR,6.35,5.78,2026-09-30T04:07:52.635455+00:00
3,28,010726,"JENSEN, TOBIAS",MUN,6.39,6.3,2026-09-30T04:07:52.635455+00:00
3,28,011244,"DA SILVA, OSCAR",MUN,5.03,2.62,2026-09-30T04:07:52.635455+00:00
3,28,011924,"ALLMAN, KYLE",PAR,7.85,8.4,2026-09-30T04:07:52.635455+00:00
3,28,012158,"JERKIC, NIKO",MUN,0.0,0.0,2026-09-30T04:07:52.635455+00:00
3,28,012453,"DANILOVIC, UROS",PAR,0.0,0.0,2026-09-30T04:07:52.635455+00:00
3,28,012597,"BALDWIN, KAMAR",MUN,5.92,5.83,2026-09-30T04:07:52.635455+00:00
3,28,012838,"SUSIC, ANDRIJA",MUN,0.0,0.0,2026-09-30T04:07:52.635455+00:00
3,28,012943,"MIJAILOVIC, UROS",PAR,0.0,-0.52,2026-09-30T04:07:52.635455+00:00
3,28,013278,"WILEY, AUSTIN",MUN,5.91,5.78,2026-09-30T04:07:52.635455+00:00
3,28,013290,"JESSUP, JUSTINIAN",MUN,6.68,5.25,2026-09-30T04:07:52.635455+00:00
3,28,013369,"JONES, CARLIK",PAR,23.4,30.98,2026-09-30T04:07:52.635455+00:00
3,28,013370,"WASHINGTON, DUANE",MUN,14.27,16.8,2026-09-30T04:07:52.635455+00:00
3,28,013541,"VOSSENBERG, CASPAR",MUN,0.0,0.0,2026-09-30T04:07:52.635455+00:00
3,28,013579,"FISCHER, KILIAN",MUN,0.0,0.0,2026-09-30T04:07:52.635455+00:00
3,28,014009,"STEVENS, LAMAR",PAR,10.06,12.6,2026-09-30T04:07:52.635455+00:00
3,28,014134,"NORRIS, MILES",MUN,3.23,2.1,2026-09-30T04:07:52.635455+00:00
3,28,014732,"BEAUCHAMP, MARJON",MUN,7.46,7.35,2026-09-30T04:07:52.635455+00:00
3,28,014742,"THOMPSON, ETHAN",PAR,0.0,-1.05,2026-09-30T04:07:52.635455+00:00
3,29,001133,"SHENGELIA, TORNIKE",DUB,7.43,3.15,2026-09-30T04:07:52.635455+00:00
3,29,002581,"JAITEH, MAM",DUB,0.0,0.0,2026-09-30T04:07:52.635455+00:00
3,29,002661,"PREPELIC, KLEMEN",DUB,2.22,2.7,2026-09-30T04:07:52.635455+00:00
3,29,002849,"MELLI, NICOLO",ULK,10.99,11.55,2026-09-30T04:07:52.635455+00:00
3,29,002968,"SANLI, SERTAC",ULK,3.46,5.25,2026-09-30T04:07:52.635455+00:00
3,29,002969,"MAHMUTOGLU, MELIH",ULK,0.07,0.07,2026-09-30T04:07:52.635455+00:00
3,29,003458,"BERTANS, DAVIS",DUB,3.05,2.1,2026-09-30T04:07:52.635455+00:00
3,29,004888,"CLYBURN, WILL",ULK,11.64,8.93,2026-09-30T04:07:52.635455+00:00
3,29,005942,"DANGUBIC, NEMANJA",DUB,0.27,0.32,2026-09-30T04:07:52.635455+00:00
3,29,006540,"MUSA, DZANAN",DUB,13.5,16.39,2026-09-30T04:07:52.635455+00:00
3,29,006896,"SARGIUNAS, IGNAS",ULK,9.44,9.45,2026-09-30T04:07:52.635455+00:00
3,29,007200,"LARKIN, SHANE",ULK,15.82,15.84,2026-09-30T04:07:52.635455+00:00
3,29,007831,"SHIELDS, SHAVON",ULK,10.61,8.93,2026-09-30T04:07:52.635455+00:00
3,29,007929,"BITIM, ONURALP",ULK,1.03,0.0,2026-09-30T04:07:52.635455+00:00
3,29,008325,"KAMENJAS, KENAN",DUB,4.49,5.0,2026-09-30T04:07:52.635455+00:00
3,29,008855,"WALKUP, THOMAS",DUB,5.58,4.2,2026-09-30T04:07:52.635455+00:00
3,29,009863,"BALDWIN IV, WADE",ULK,17.85,18.38,2026-09-30T04:07:52.635455+00:00
3,29,011194,"PETRUSEV, FILIP",DUB,10.09,7.35,2026-09-30T04:07:52.635455+00:00
3,29,011212,"OKOBO, ELIE",DUB,10.28,12.6,2026-09-30T04:07:52.635455+00:00
3,29,011231,"BLOSSOMGAME, JARON",DUB,7.02,6.3,2026-09-30T04:07:52.635455+00:00
3,29,011286,"BACON, DWAYNE",DUB,17.63,26.25,2026-09-30T04:07:52.635455+00:00
3,29,012606,"WRIGHT IV, MCKINLEY",DUB,12.04,13.12,2026-09-30T04:07:52.635455+00:00
3,29,012795,"ANDERSON, JUSTIN",DUB,5.39,6.45,2026-09-30T04:07:52.635455+00:00
3,29,012796,"KABENGELE, MFIONDU",DUB,16.71,18.9,2026-09-30T04:07:52.635455+00:00
3,29,013367,"FORREST, TRENT",ULK,10.66,7.88,2026-09-30T04:07:52.635455+00:00
3,29,013506,"BINGHAM, MARCUS",ULK,16.09,15.75,2026-09-30T04:07:52.635455+00:00
3,29,014027,"DIAKITE, MAMADI",DUB,7.91,7.35,2026-09-30T04:07:52.635455+00:00
3,29,014031,"KONDIC, KOSTA",DUB,1.15,0.0,2026-09-30T04:07:52.635455+00:00
3,29,014124,"HORTON TUCKER, TALEN",ULK,18.44,21.0,2026-09-30T04:07:52.635455+00:00
3,29,014168,"KEY, BRAXTON",ULK,9.38,11.55,2026-09-30T04:07:52.635455+00:00
3,29,014220,"SILVA, CHRIS",ULK,1.12,-1.58,2026-09-30T04:07:52.635455+00:00
3,29,014731,"MINTZ, DAVION",DUB,1.3,1.58,2026-09-30T04:07:52.635455+00:00
3,29,014733,"JUZANG, JOHNNY",ULK,3.11,3.15,2026-09-30T04:07:52.635455+00:00
3,30,001926,"SLOUKAS, KOSTAS",PAN,13.58,13.18,2026-09-30T04:07:52.635455+00:00
3,30,003842,"LESSORT, MATHIAS",PAN,22.11,29.4,2026-09-30T04:07:52.635455+00:00
3,30,004132,"THEIS, DANIEL",TEL,9.14,9.45,2026-09-30T04:07:52.635455+00:00
3,30,004451,"KOUZELOGLOU, IOANNIS",PAN,0.0,0.0,2026-09-30T04:07:52.635455+00:00
3,30,006020,"EBO, AMIT",TEL,0.0,0.0,2026-09-30T04:07:52.635455+00:00
3,30,006544,"MORAITIS, DIMITRIS",PAN,0.0,0.0,2026-09-30T04:07:52.635455+00:00
3,30,006760,"BONGA, ISAAC",PAN,8.13,1.05,2026-09-30T04:07:52.635455+00:00
3,30,006835,"HOARD, JAYLEN",TEL,15.83,21.0,2026-09-30T04:07:52.635455+00:00
3,30,007527,"BADIO, BRANCOU",PAN,8.91,7.35,2026-09-30T04:07:52.635455+00:00
3,30,007866,"MITOGLOU, KONSTANTINOS",PAN,10.23,14.7,2026-09-30T04:07:52.635455+00:00
3,30,007975,"FRANCISCO, SYLVAIN",PAN,20.09,18.9,2026-09-30T04:07:52.635455+00:00
3,30,007990,"DIBARTOLOMEO, JOHN",TEL,0.24,-3.15,2026-09-30T04:07:52.635455+00:00
3,30,008084,"MANTZOUKAS, ELEFTHERIOS",PAN,13.18,12.6,2026-09-30T04:07:52.635455+00:00
3,30,008811,"FALL, MOUSTAPHA",PAN,3.98,3.85,2026-09-30T04:07:52.635455+00:00
3,30,008962,"HAYES-DAVIS, NIGEL",PAN,14.14,13.52,2026-09-30T04:07:52.635455+00:00
3,30,009783,"COLSON, BONZIE",TEL,4.14,1.05,2026-09-30T04:07:52.635455+00:00
3,30,010357,"YABUSELE, GUERSCHON",PAN,14.28,13.65,2026-09-30T04:07:52.635455+00:00
3,30,010781,"LUNDBERG, IFFE",TEL,4.11,-3.15,2026-09-30T04:07:52.635455+00:00
3,30,011052,"MADAR, YAM",TEL,8.6,16.8,2026-09-30T04:07:52.635455+00:00
3,30,011085,"ROGKAVOPOULOS, NIKOLAOS",PAN,2.32,0.0,2026-09-30T04:07:52.635455+00:00
3,30,011204,"GRANT, JERIAN",PAN,9.38,9.45,2026-09-30T04:07:52.635455+00:00
3,30,011209,"KALAITZAKIS, PANAGIOTIS",PAN,1.53,2.1,2026-09-30T04:07:52.635455+00:00
3,30,011219,"SORKIN, ROMAN",TEL,13.32,16.8,2026-09-30T04:07:52.635455+00:00
3,30,012712,"HERNANGOMEZ, JUANCHO",PAN,13.92,13.65,2026-09-30T04:07:52.635455+00:00
3,30,012774,"NUNN, KENDRICK",PAN,16.93,16.43,2026-09-30T04:07:52.635455+00:00
3,30,013381,"RAYMAN, WILLIAM",TEL,1.63,1.05,2026-09-30T04:07:52.635455+00:00
3,30,013699,"CLARK III, JIMMY",TEL,7.28,7.35,2026-09-30T04:07:52.635455+00:00
3,30,014012,"LEAF, TJ",TEL,11.07,13.17,2026-09-30T04:07:52.635455+00:00
3,30,014015,"BACOT JR., ARMANDO",TEL,0.91,1.05,2026-09-30T04:07:52.635455+00:00
3,30,014120,"LAVI, GUR",TEL,1.92,2.28,2026-09-30T04:07:52.635455+00:00
3,30,014127,"BRISSETT, O'SHAE J",TEL,9.02,10.5,2026-09-30T04:07:52.635455+00:00
3,30,015085,"WALLACE, KEATON",TEL,0.0,-3.15,2026-09-30T04:07:52.635455+00:00
3,30,015159,"VARVARITIS, IASON",PAN,0.0,0.0,2026-09-30T04:07:52.635455+00:00
3,30,F11523,"HUNTER, SHANE",TEL,0.0,0.0,2026-09-30T04:07:52.635455+00:00
4,31,000229,"JACKSON, EDWIN",ASV,3.82,4.11,2026-09-30T04:07:52.635455+00:00
4,31,003526,"LIGHTY, DAVID",ASV,7.31,11.55,2026-09-30T04:07:52.635455+00:00
4,31,006591,"NTILIKINA, FRANK",PRS,0.78,-1.05,2026-09-30T04:07:52.635455+00:00
4,31,006832,"PONS, YVES",ASV,10.73,11.55,2026-09-30T04:07:52.635455+00:00
4,31,006904,"AYAYI, JOEL",PRS,2.21,2.16,2026-09-30T04:07:52.635455+00:00
4,31,007483,"DOSSOU-YOVO, MATHIS",ASV,0.0,0.0,2026-09-30T04:07:52.635455+00:00
4,31,007993,"M'BAYE, AMATH",PRS,6.78,6.49,2026-09-30T04:07:52.635455+00:00
4,31,009035,"BOLOMBOY, JOEL",ASV,6.75,5.25,2026-09-30T04:07:52.635455+00:00
4,31,010431,"MORGAN, JEREMY",PRS,4.03,2.1,2026-09-30T04:07:52.635455+00:00
4,31,011949,"HOMMES, DAULTON",PRS,1.99,0.0,2026-09-30T04:07:52.635455+00:00
4,31,011980,"SESTINA, NATHAN",ASV,0.55,0.0,2026-09-30T04:07:52.635455+00:00
4,31,012403,"FAYE, MOUHAMED",PRS,4.95,2.62,2026-09-30T04:07:52.635455+00:00
4,31,012515,"TARPEY, TERRY",PRS,5.33,6.82,2026-09-30T04:07:52.635455+00:00
4,31,012611,"HERRERA, SEBASTIAN",PRS,6.8,7.88,2026-09-30T04:07:52.635455+00:00
4,31,012618,"MASSA, BODIAN",ASV,1.46,-1.05,2026-09-30T04:07:52.635455+00:00
4,31,012640,"HIFI, NADIR",PRS,14.62,11.02,2026-09-30T04:07:52.635455+00:00
4,31,013269,"CALE, MYLES",ASV,0.31,-2.1,2026-09-30T04:07:52.635455+00:00
4,31,013373,"CAVALIERE, LEOPOLD",PRS,5.58,5.78,2026-09-30T04:07:52.635455+00:00
4,31,013900,"GACH, BOTH",ASV,1.95,2.1,2026-09-30T04:07:52.635455+00:00
4,31,014010,"DOKOSSI, ALLAN",PRS,7.55,5.78,2026-09-30T04:07:52.635455+00:00
4,31,014178,"RHODEN, JARED",PRS,10.08,11.02,2026-09-30T04:07:52.635455+00:00
4,31,014801,"PEREIRA, MAOZINHA",PRS,0.0,0.0,2026-09-30T04:07:52.635455+00:00
4,31,015143,"ETIENNE, TYSON",PRS,8.05,7.88,2026-09-30T04:07:52.635455+00:00
4,31,015160,"JOHNSON, ALIZE",PRS,3.29,3.15,2026-09-30T04:07:52.635455+00:00
4,31,015161,"FODZO DADA, MARC-OWEN",ASV,17.15,17.85,2026-09-30T04:07:52.635455+00:00
4,31,015162,"WASHINGTON JR, TYTY",ASV,0.0,0.0,2026-09-30T04:07:52.635455+00:00
4,31,015163,"MILLS, PATTY",ASV,18.16,18.9,2026-09-30T04:07:52.635455+00:00
4,31,015164,"BESSON, HUGO",ASV,7.06,7.35,2026-09-30T04:07:52.635455+00:00
4,31,015165,"WATERS, TREMONT",ASV,0.0,-3.15,2026-09-30T04:07:52.635455+00:00
4,31,015166,"CROWDER, JAE",ASV,24.38,26.25,2026-09-30T04:07:52.635455+00:00
4,31,015168,"WARREN, TJ",PRS,10.98,10.5,2026-09-30T04:07:52.635455+00:00
4,31,F11531,"BOUNGOU-COLO, NOBEL",PRS,0.0,0.0,2026-09-30T04:07:52.635455+00:00
4,32,001518,"RICCI, GIAMPAOLO",MIL,3.62,3.15,2026-09-30T04:07:52.635455+00:00
4,32,004004,"GUDURIC, MARKO",MIL,12.48,14.7,2026-09-30T04:07:52.635455+00:00
4,32,004132,"THEIS, DANIEL",TEL,11.94,9.45,2026-09-30T04:07:52.635455+00:00
4,32,005670,"FLACCADORI, DIEGO",MIL,0.0,-1.05,2026-09-30T04:07:52.635455+00:00
4,32,006020,"EBO, AMIT",TEL,0.0,0.0,2026-09-30T04:07:52.635455+00:00
4,32,006509,"TONUT, STEFANO",MIL,0.3,0.0,2026-09-30T04:07:52.635455+00:00
4,32,006835,"HOARD, JAYLEN",TEL,18.4,21.0,2026-09-30T04:07:52.635455+00:00
4,32,007056,"BOOKER, DEVIN",MIL,7.73,6.82,2026-09-30T04:07:52.635455+00:00
4,32,007990,"DIBARTOLOMEO, JOHN",TEL,0.29,-3.15,2026-09-30T04:07:52.635455+00:00
4,32,008829,"PETERS, ALEC",MIL,10.69,13.12,2026-09-30T04:07:52.635455+00:00
4,32,008985,"BOLMARO, LEANDRO",MIL,5.44,1.58,2026-09-30T04:07:52.635455+00:00
4,32,009783,"COLSON, BONZIE",TEL,4.81,1.05,2026-09-30T04:07:52.635455+00:00
4,32,010781,"LUNDBERG, IFFE",TEL,4.93,-3.15,2026-09-30T04:07:52.635455+00:00
4,32,011052,"MADAR, YAM",TEL,10.31,16.8,2026-09-30T04:07:52.635455+00:00
4,32,011078,"THOMPSON, DARIUS",MIL,8.39,7.88,2026-09-30T04:07:52.635455+00:00
4,32,011205,"HALL, DEVON",MIL,10.76,13.65,2026-09-30T04:07:52.635455+00:00
4,32,011219,"SORKIN, ROMAN",TEL,15.48,16.8,2026-09-30T04:07:52.635455+00:00
4,32,011816,"AKELE, NICOLA",MIL,2.96,3.11,2026-09-30T04:07:52.635455+00:00
4,32,012878,"WRIGHT, MOSES",MIL,14.31,13.12,2026-09-30T04:07:52.635455+00:00
4,32,013381,"RAYMAN, WILLIAM",TEL,1.9,1.05,2026-09-30T04:07:52.635455+00:00
4,32,013385,"DIOP, OUSMANE",MIL,0.54,0.57,2026-09-30T04:07:52.635455+00:00
4,32,013699,"CLARK III, JIMMY",TEL,8.72,7.35,2026-09-30T04:07:52.635455+00:00
4,32,013929,"COLE, RJ",MIL,0.98,1.05,2026-09-30T04:07:52.635455+00:00
4,32,014012,"LEAF, TJ",TEL,12.87,13.17,2026-09-30T04:07:52.635455+00:00
4,32,014015,"BACOT JR., ARMANDO",TEL,1.19,1.05,2026-09-30T04:07:52.635455+00:00
4,32,014120,"LAVI, GUR",TEL,2.23,2.28,2026-09-30T04:07:52.635455+00:00
4,32,014127,"BRISSETT, O'SHAE J",TEL,10.48,10.5,2026-09-30T04:07:52.635455+00:00
4,32,014782,"BURNELL, JASON",MIL,5.98,6.3,2026-09-30T04:07:52.635455+00:00
4,32,014783,"MATHEWS, GARRISON",MIL,2.94,3.15,2026-09-30T04:07:52.635455+00:00
4,32,015085,"WALLACE, KEATON",TEL,0.0,-3.15,2026-09-30T04:07:52.635455+00:00
4,32,F11523,"HUNTER, SHANE",TEL,0.0,0.0,2026-09-30T04:07:52.635455+00:00
4,33,001288,"LUCIC, VLADIMIR",MUN,6.01,1.58,2026-09-30T04:07:52.635455+00:00
4,33,001557,"GIFFEY, NIELS",MUN,3.76,3.64,2026-09-30T04:07:52.635455+00:00
4,33,001844,"HACKETT, DANIEL",VIR,1.37,-1.05,2026-09-30T04:07:52.635455+00:00
4,33,003958,"THIEMANN, JOHANNES",MUN,15.95,15.75,2026-09-30T04:07:52.635455+00:00
4,33,004508,"OBST, ANDREAS",MUN,12.88,12.6,2026-09-30T04:07:52.635455+00:00
4,33,006707,"BALDASSO, TOMMASO",VIR,3.82,4.2,2026-09-30T04:07:52.635455+00:00
4,33,007201,"VOIGTMANN, JOHANNES",MUN,9.76,13.12,2026-09-30T04:07:52.635455+00:00
4,33,007519,"JOKUBAITIS, ROKAS",MUN,11.26,11.02,2026-09-30T04:07:52.635455+00:00
4,33,009400,"CASARIN, DAVIDE",VIR,0.0,0.0,2026-09-30T04:07:52.635455+00:00
4,33,009513,"HOLLATZ, JUSTUS",MUN,1.7,-0.52,2026-09-30T04:07:52.635455+00:00
4,33,010726,"JENSEN, TOBIAS",MUN,6.43,6.3,2026-09-30T04:07:52.635455+00:00
4,33,011244,"DA SILVA, OSCAR",MUN,5.11,2.62,2026-09-30T04:07:52.635455+00:00
4,33,011837,"KOKILA, KEVIN",VIR,0.0,0.0,2026-09-30T04:07:52.635455+00:00
4,33,012158,"JERKIC, NIKO",MUN,0.0,0.0,2026-09-30T04:07:52.635455+00:00
4,33,012597,"BALDWIN, KAMAR",MUN,5.96,5.83,2026-09-30T04:07:52.635455+00:00
4,33,012707,"CARR, MARCUS",VIR,7.16,7.88,2026-09-30T04:07:52.635455+00:00
4,33,012838,"SUSIC, ANDRIJA",MUN,0.0,0.0,2026-09-30T04:07:52.635455+00:00
4,33,013028,"BAIOCCHI, MATTEO",VIR,0.0,-0.9,2026-09-30T04:07:52.635455+00:00
4,33,013278,"WILEY, AUSTIN",MUN,5.85,5.78,2026-09-30T04:07:52.635455+00:00
4,33,013290,"JESSUP, JUSTINIAN",MUN,6.72,5.25,2026-09-30T04:07:52.635455+00:00
4,33,013370,"WASHINGTON, DUANE",MUN,14.36,16.8,2026-09-30T04:07:52.635455+00:00
4,33,013374,"DIOUF, MOUHAMET",VIR,7.31,5.25,2026-09-30T04:07:52.635455+00:00
4,33,013541,"VOSSENBERG, CASPAR",MUN,0.0,0.0,2026-09-30T04:07:52.635455+00:00
4,33,013579,"FISCHER, KILIAN",MUN,0.0,0.0,2026-09-30T04:07:52.635455+00:00
4,33,014005,"ALSTON JR. , DERRICK",VIR,6.1,4.73,2026-09-30T04:07:52.635455+00:00
4,33,014108,"DIARRA, ALIOU",VIR,11.33,16.8,2026-09-30T04:07:52.635455+00:00
4,33,014134,"NORRIS, MILES",MUN,3.28,2.1,2026-09-30T04:07:52.635455+00:00
4,33,014219,"FERRARI, FRANCESCO",VIR,1.96,1.58,2026-09-30T04:07:52.635455+00:00
4,33,014416,"EDWARDS, KESSLER",VIR,8.9,13.12,2026-09-30T04:07:52.635455+00:00
4,33,014732,"BEAUCHAMP, MARJON",MUN,7.57,7.35,2026-09-30T04:07:52.635455+00:00
4,33,014737,"MOORE, WENDELL",VIR,10.03,11.02,2026-09-30T04:07:52.635455+00:00
4,33,014738,"KLINTMAN, BO",VIR,5.75,6.3,2026-09-30T04:07:52.635455+00:00
4,33,014802,"BELLO, RASHEED",VIR,0.48,0.52,2026-09-30T04:07:52.635455+00:00
4,33,015029,"FRAZIER, TRENT",VIR,8.12,8.93,2026-09-30T04:07:52.635455+00:00
4,34,000796,"MIROTIC, NIKOLA",PAM,15.76,17.85,2026-09-30T04:07:52.635455+00:00
4,34,002580,"MICIC, VASILIJE",HTA,7.3,5.78,2026-09-30T04:07:52.635455+00:00
4,34,002939,"SATORANSKY, TOMAS",HTA,6.42,4.2,2026-09-30T04:07:52.635455+00:00
4,34,004161,"SEGEV, ITAY",HTA,0.0,-0.7,2026-09-30T04:07:52.635455+00:00
4,34,004846,"TIMOR, BAR",HTA,0.28,0.0,2026-09-30T04:07:52.635455+00:00
4,34,005596,"SIMA, YANKUBA",PAM,0.37,0.35,2026-09-30T04:07:52.635455+00:00
4,34,006643,"PUERTO, JOSEP",PAM,6.57,7.35,2026-09-30T04:07:52.635455+00:00
4,34,008858,"ENNIS, TYLER",HTA,1.45,1.68,2026-09-30T04:07:52.635455+00:00
4,34,008912,"CARRINGTON, KHADEEN",HTA,0.0,-1.05,2026-09-30T04:07:52.635455+00:00
4,34,008987,"LEDAY, ZACH",HTA,13.27,13.65,2026-09-30T04:07:52.635455+00:00
4,34,009846,"BRYANT, ELIJAH",HTA,18.98,23.1,2026-09-30T04:07:52.635455+00:00
4,34,009877,"BLAYZER, OZ",HTA,0.0,0.0,2026-09-30T04:07:52.635455+00:00
4,34,010545,"SAKO, NEAL",PAM,8.27,8.93,2026-09-30T04:07:52.635455+00:00
4,34,010550,"GINAT, TOMER",HTA,2.16,2.38,2026-09-30T04:07:52.635455+00:00
4,34,010581,"OSETKOWSKI, DYLAN",PAM,9.59,11.55,2026-09-30T04:07:52.635455+00:00
4,34,010754,"MARI, LUCAS",PAM,0.0,0.0,2026-09-30T04:07:52.635455+00:00
4,34,011193,"BLATT, TAMIR",HTA,8.02,9.28,2026-09-30T04:07:52.635455+00:00
4,34,011214,"RIVERO, JASIEL",PAM,7.83,10.5,2026-09-30T04:07:52.635455+00:00
4,34,011217,"TAYLOR, KAMERON",PAM,15.0,15.75,2026-09-30T04:07:52.635455+00:00
4,34,011706,"SAINT-SUPERY, MARIO",PAM,4.22,4.2,2026-09-30T04:07:52.635455+00:00
4,34,011823,"ODIASE, TAI",HTA,3.84,4.73,2026-09-30T04:07:52.635455+00:00
4,34,012096,"CABOCLO, BRUNO",HTA,2.41,0.0,2026-09-30T04:07:52.635455+00:00
4,34,012608,"SHORTS, TJ",PAM,15.39,21.0,2026-09-30T04:07:52.635455+00:00
4,34,012738,"REUVERS, NATHAN",PAM,7.98,5.25,2026-09-30T04:07:52.635455+00:00
4,34,012788,"OTURU, DAN",HTA,18.67,21.52,2026-09-30T04:07:52.635455+00:00
4,34,013283,"PALATIN, GUY",HTA,0.06,0.07,2026-09-30T04:07:52.635455+00:00
4,34,013284,"WAINRIGHT, ISH",HTA,4.43,5.25,2026-09-30T04:07:52.635455+00:00
4,34,013384,"BROOKS, ARMONI",PAM,12.29,13.12,2026-09-30T04:07:52.635455+00:00
4,34,013402,"BLAKENEY, ANTONIO",HTA,7.99,7.88,2026-09-30T04:07:52.635455+00:00
4,34,014115,"MOORE, OMARI",PAM,8.04,7.88,2026-09-30T04:07:52.635455+00:00
4,34,014739,"GUEYE, MOUHAMADOU",PAM,0.0,0.0,2026-09-30T04:07:52.635455+00:00
4,34,014740,"CORBALAN, GONZALO",PAM,0.0,0.0,2026-09-30T04:07:52.635455+00:00
4,34,014741,"CARDENAS, ALVARO",PAM,1.06,1.05,2026-09-30T04:07:52.635455+00:00
4,34,015151,"TOPPIN, JACOB",HTA,13.35,14.7,2026-09-30T04:07:52.635455+00:00
4,34,015152,"GERMAN, EUGENE",HTA,2.27,2.62,2026-09-30T04:07:52.635455+00:00
4,34,015153,"COFFEY, AMIR",HTA,0.0,0.0,2026-09-30T04:07:52.635455+00:00
4,34,F11510,"BOURDILLON, FREDERIC",HTA,0.0,0.0,2026-09-30T04:07:52.635455+00:00
4,34,F4215,"HEIDEGGER, MAX",HTA,0.0,0.0,2026-09-30T04:07:52.635455+00:00
4,35,003733,"ABALDE, ALBERTO",MAD,3.24,2.62,2026-09-30T04:07:52.635455+00:00
4,35,004194,"LAUVERGNE, JOFFREY",PAR,0.0,0.0,2026-09-30T04:07:52.635455+00:00
4,35,004761,"MARINKOVIC, VANJA",PAR,3.7,4.37,2026-09-30T04:07:52.635455+00:00
4,35,005637,"TANASKOVIC, NIKOLA",PAR,9.47,11.02,2026-09-30T04:07:52.635455+00:00
4,35,005791,"TAVARES, WALTER",MAD,12.99,9.98,2026-09-30T04:07:52.635455+00:00
4,35,005793,"SY, BANDJA",PAR,0.0,0.0,2026-09-30T04:07:52.635455+00:00
4,35,005928,"CAMPAZZO, FACUNDO",MAD,13.57,12.08,2026-09-30T04:07:52.635455+00:00
4,35,006739,"PAJOLA, ALESSANDRO",PAR,8.71,12.08,2026-09-30T04:07:52.635455+00:00
4,35,006833,"SARR, OLIVIER",MAD,7.49,7.35,2026-09-30T04:07:52.635455+00:00
4,35,007027,"MALEDON, THEO",MAD,13.54,14.7,2026-09-30T04:07:52.635455+00:00
4,35,007630,"GARUBA, USMAN",MAD,6.68,6.56,2026-09-30T04:07:52.635455+00:00
4,35,007632,"NAKIC, MARIO",PAR,0.68,-1.05,2026-09-30T04:07:52.635455+00:00
4,35,007736,"LAKIC, ARIJAN",PAR,1.83,2.1,2026-09-30T04:07:52.635455+00:00
4,35,007947,"VILDOZA, LUCA",PAR,11.74,15.75,2026-09-30T04:07:52.635455+00:00
4,35,008384,"PROCIDA, GABRIELE",MAD,0.85,1.05,2026-09-30T04:07:52.635455+00:00
4,35,009005,"DECK, GABRIEL",MAD,4.39,0.52,2026-09-30T04:07:52.635455+00:00
4,35,009664,"WILLIS, DEREK",PAR,5.79,5.25,2026-09-30T04:07:52.635455+00:00
4,35,009733,"JEKIRI, TONYE",PAR,12.99,18.9,2026-09-30T04:07:52.635455+00:00
4,35,010390,"HAYES, KEVARRIUS",PAR,5.66,5.78,2026-09-30T04:07:52.635455+00:00
4,35,010393,"PRADILLA, JAIME",MAD,8.5,7.35,2026-09-30T04:07:52.635455+00:00
4,35,011247,"FELIZ, ANDRES",MAD,9.95,12.08,2026-09-30T04:07:52.635455+00:00
4,35,011924,"ALLMAN, KYLE",PAR,7.37,8.4,2026-09-30T04:07:52.635455+00:00
4,35,012080,"LUWAWU-CABARROT, TIMOTHE",MAD,6.21,-2.62,2026-09-30T04:07:52.635455+00:00
4,35,012453,"DANILOVIC, UROS",PAR,0.0,0.0,2026-09-30T04:07:52.635455+00:00
4,35,012613,"JANTUNEN, MIKAEL",MAD,6.76,7.88,2026-09-30T04:07:52.635455+00:00
4,35,012943,"MIJAILOVIC, UROS",PAR,0.0,-0.52,2026-09-30T04:07:52.635455+00:00
4,35,013369,"JONES, CARLIK",PAR,21.96,30.98,2026-09-30T04:07:52.635455+00:00
4,35,014006,"OKEKE, CHUMA",MAD,11.87,14.7,2026-09-30T04:07:52.635455+00:00
4,35,014009,"STEVENS, LAMAR",PAR,9.08,12.6,2026-09-30T04:07:52.635455+00:00
4,35,014742,"THOMPSON, ETHAN",PAR,0.0,-1.05,2026-09-30T04:07:52.635455+00:00
4,35,015102,"SHULGA, MAKSYM",MAD,0.0,0.0,2026-09-30T04:07:52.635455+00:00
4,35,015103,"JONES, DAMIAN",MAD,5.35,5.25,2026-09-30T04:07:52.635455+00:00
4,35,015244,"SMITH JR, NICK",MAD,10.61,10.5,2026-09-30T04:07:52.635455+00:00
4,35,F12145,"SMITH JR, NICK",MAD,0.0,0.0,2026-09-28T15:15:37.608732+00:00
4,35,TGB,"LLULL, SERGIO",MAD,2.01,2.0,2026-09-30T04:07:52.635455+00:00
4,36,001926,"SLOUKAS, KOSTAS",PAN,12.58,13.18,2026-09-30T04:07:52.635455+00:00
4,36,002849,"MELLI, NICOLO",ULK,9.71,11.55,2026-09-30T04:07:52.635455+00:00
4,36,002968,"SANLI, SERTAC",ULK,2.91,5.25,2026-09-30T04:07:52.635455+00:00
4,36,002969,"MAHMUTOGLU, MELIH",ULK,0.06,0.07,2026-09-30T04:07:52.635455+00:00
4,36,003842,"LESSORT, MATHIAS",PAN,22.07,29.4,2026-09-30T04:07:52.635455+00:00
4,36,004451,"KOUZELOGLOU, IOANNIS",PAN,0.0,0.0,2026-09-30T04:07:52.635455+00:00
4,36,004888,"CLYBURN, WILL",ULK,10.29,8.93,2026-09-30T04:07:52.635455+00:00
4,36,006544,"MORAITIS, DIMITRIS",PAN,0.0,0.0,2026-09-30T04:07:52.635455+00:00
4,36,006760,"BONGA, ISAAC",PAN,7.51,1.05,2026-09-30T04:07:52.635455+00:00
4,36,006896,"SARGIUNAS, IGNAS",ULK,8.73,9.45,2026-09-30T04:07:52.635455+00:00
4,36,007200,"LARKIN, SHANE",ULK,14.64,15.84,2026-09-30T04:07:52.635455+00:00
4,36,007527,"BADIO, BRANCOU",PAN,8.25,7.35,2026-09-30T04:07:52.635455+00:00
4,36,007831,"SHIELDS, SHAVON",ULK,9.38,8.93,2026-09-30T04:07:52.635455+00:00
4,36,007866,"MITOGLOU, KONSTANTINOS",PAN,9.45,14.7,2026-09-30T04:07:52.635455+00:00
4,36,007929,"BITIM, ONURALP",ULK,0.91,0.0,2026-09-30T04:07:52.635455+00:00
4,36,007975,"FRANCISCO, SYLVAIN",PAN,18.61,18.9,2026-09-30T04:07:52.635455+00:00
4,36,008084,"MANTZOUKAS, ELEFTHERIOS",PAN,12.18,12.6,2026-09-30T04:07:52.635455+00:00
4,36,008811,"FALL, MOUSTAPHA",PAN,3.97,3.85,2026-09-30T04:07:52.635455+00:00
4,36,008962,"HAYES-DAVIS, NIGEL",PAN,13.07,13.52,2026-09-30T04:07:52.635455+00:00
4,36,009863,"BALDWIN IV, WADE",ULK,16.51,18.38,2026-09-30T04:07:52.635455+00:00
4,36,010357,"YABUSELE, GUERSCHON",PAN,13.19,13.65,2026-09-30T04:07:52.635455+00:00
4,36,011085,"ROGKAVOPOULOS, NIKOLAOS",PAN,2.14,0.0,2026-09-30T04:07:52.635455+00:00
4,36,011204,"GRANT, JERIAN",PAN,8.69,9.45,2026-09-30T04:07:52.635455+00:00
4,36,011209,"KALAITZAKIS, PANAGIOTIS",PAN,1.42,2.1,2026-09-30T04:07:52.635455+00:00
4,36,012712,"HERNANGOMEZ, JUANCHO",PAN,12.86,13.65,2026-09-30T04:07:52.635455+00:00
4,36,012774,"NUNN, KENDRICK",PAN,15.68,16.43,2026-09-30T04:07:52.635455+00:00
4,36,013367,"FORREST, TRENT",ULK,9.86,7.88,2026-09-30T04:07:52.635455+00:00
4,36,013506,"BINGHAM, MARCUS",ULK,13.52,15.75,2026-09-30T04:07:52.635455+00:00
4,36,014124,"HORTON TUCKER, TALEN",ULK,17.06,21.0,2026-09-30T04:07:52.635455+00:00
4,36,014168,"KEY, BRAXTON",ULK,8.29,11.55,2026-09-30T04:07:52.635455+00:00
4,36,014220,"SILVA, CHRIS",ULK,0.94,-1.58,2026-09-30T04:07:52.635455+00:00
4,36,014733,"JUZANG, JOHNNY",ULK,2.75,3.15,2026-09-30T04:07:52.635455+00:00
4,36,015159,"VARVARITIS, IASON",PAN,0.0,0.0,2026-09-30T04:07:52.635455+00:00
4,37,001133,"SHENGELIA, TORNIKE",DUB,9.04,3.15,2026-09-30T04:07:52.635455+00:00
4,37,002581,"JAITEH, MAM",DUB,0.0,0.0,2026-09-30T04:07:52.635455+00:00
4,37,002661,"PREPELIC, KLEMEN",DUB,2.77,2.7,2026-09-30T04:07:52.635455+00:00
4,37,003458,"BERTANS, DAVIS",DUB,3.71,2.1,2026-09-30T04:07:52.635455+00:00
4,37,004007,"DOBRIC, OGNJEN",RED,1.77,0.0,2026-09-30T04:07:52.635455+00:00
4,37,005942,"DANGUBIC, NEMANJA",DUB,0.33,0.32,2026-09-30T04:07:52.635455+00:00
4,37,006482,"KRAMER, DAVID",RED,1.85,3.15,2026-09-30T04:07:52.635455+00:00
4,37,006540,"MUSA, DZANAN",DUB,16.8,16.39,2026-09-30T04:07:52.635455+00:00
4,37,007960,"DAVIDOVAC, DEJAN",RED,2.19,2.47,2026-09-30T04:07:52.635455+00:00
4,37,008325,"KAMENJAS, KENAN",DUB,5.1,5.0,2026-09-30T04:07:52.635455+00:00
4,37,008855,"WALKUP, THOMAS",DUB,6.94,4.2,2026-09-30T04:07:52.635455+00:00
4,37,010262,"DJURISIC, NIKOLA",RED,0.0,0.0,2026-09-30T04:07:52.635455+00:00
4,37,010391,"WEILER-BABB, NICK",RED,5.24,1.58,2026-09-30T04:07:52.635455+00:00
4,37,010568,"JONES, CHRIS",RED,13.06,16.28,2026-09-30T04:07:52.635455+00:00
4,37,011157,"MOTLEY, JOHNATHAN",RED,0.0,-6.3,2026-09-30T04:07:52.635455+00:00
4,37,011194,"PETRUSEV, FILIP",DUB,11.45,7.35,2026-09-30T04:07:52.635455+00:00
4,37,011212,"OKOBO, ELIE",DUB,12.79,12.6,2026-09-30T04:07:52.635455+00:00
4,37,011231,"BLOSSOMGAME, JARON",DUB,8.55,6.3,2026-09-30T04:07:52.635455+00:00
4,37,011286,"BACON, DWAYNE",DUB,21.47,26.25,2026-09-30T04:07:52.635455+00:00
4,37,011305,"CARTER, TYSON",RED,4.7,7.88,2026-09-30T04:07:52.635455+00:00
4,37,011982,"OJELEYE, SEMI",RED,8.66,11.02,2026-09-30T04:07:52.635455+00:00
4,37,012201,"MONEKE, CHIMA",RED,13.09,11.55,2026-09-30T04:07:52.635455+00:00
4,37,012606,"WRIGHT IV, MCKINLEY",DUB,14.98,13.12,2026-09-30T04:07:52.635455+00:00
4,37,012795,"ANDERSON, JUSTIN",DUB,6.57,6.45,2026-09-30T04:07:52.635455+00:00
4,37,012796,"KABENGELE, MFIONDU",DUB,18.96,18.9,2026-09-30T04:07:52.635455+00:00
4,37,012806,"BJELIC, ANDREJ",RED,0.0,0.0,2026-09-30T04:07:52.635455+00:00
4,37,012948,"NEDELJKOVIC, ALEKSEJ",RED,0.0,0.0,2026-09-30T04:07:52.635455+00:00
4,37,013363,"NWORA, JORDAN",RED,12.24,11.55,2026-09-30T04:07:52.635455+00:00
4,37,014027,"DIAKITE, MAMADI",DUB,8.97,7.35,2026-09-30T04:07:52.635455+00:00
4,37,014029,"IZUNDU, EBUKA",RED,8.31,7.88,2026-09-30T04:07:52.635455+00:00
4,37,014031,"KONDIC, KOSTA",DUB,1.43,0.0,2026-09-30T04:07:52.635455+00:00
4,37,014094,"MILJENOVIC, STEFAN",RED,0.0,-1.05,2026-09-30T04:07:52.635455+00:00
4,37,014163,"BUTLER, JARED",RED,11.85,14.7,2026-09-30T04:07:52.635455+00:00
4,37,014728,"BALDWIN, PATRICK",RED,0.0,0.0,2026-09-30T04:07:52.635455+00:00
4,37,014731,"MINTZ, DAVION",DUB,1.61,1.58,2026-09-30T04:07:52.635455+00:00
4,37,F11497,"MEDAREVIC, VOJIN",RED,0.0,0.0,2026-09-30T04:07:52.635455+00:00
4,38,003091,"BIRSEN, METECAN",BES,0.93,0.0,2026-09-30T04:07:52.635455+00:00
4,38,003783,"UGURLU, BERK",BES,6.27,6.3,2026-09-30T04:07:52.635455+00:00
4,38,004554,"ZIZIC, ANTE",BES,13.61,14.7,2026-09-30T04:07:52.635455+00:00
4,38,005713,"KURUCS, RODIONS",BAS,6.94,6.3,2026-09-30T04:07:52.635455+00:00
4,38,005763,"KORKMAZ, FURKAN",BES,0.0,0.0,2026-09-30T04:07:52.635455+00:00
4,38,006661,"WILBEKIN, SCOTTIE",BES,9.57,13.65,2026-09-30T04:07:52.635455+00:00
4,38,007230,"SEDEKERSKIS, TADAS",BAS,14.86,17.32,2026-09-30T04:07:52.635455+00:00
4,38,008173,"SPAGNOLO, MATTEO",BAS,6.26,5.78,2026-09-30T04:07:52.635455+00:00
4,38,009025,"BROWN, ANTHONY",BES,3.23,3.15,2026-09-30T04:07:52.635455+00:00
4,38,009680,"MORGAN, CONOR",BES,11.66,12.6,2026-09-30T04:07:52.635455+00:00
4,38,011284,"FARIED, KENNETH",BAS,10.28,12.08,2026-09-30T04:07:52.635455+00:00
4,38,011948,"HOWARD, MARKUS",BAS,4.18,1.58,2026-09-30T04:07:52.635455+00:00
4,38,012233,"AKSU, YAGIZ",BES,0.0,0.0,2026-09-30T04:07:52.635455+00:00
4,38,012700,"STEWART, DJ",BAS,8.73,8.4,2026-09-30T04:07:52.635455+00:00
4,38,013250,"DEJULIUS, DAVID",BES,6.27,6.3,2026-09-30T04:07:52.635455+00:00
4,38,013285,"DOTSON, DEVON",BES,12.54,12.6,2026-09-30T04:07:52.635455+00:00
4,38,013383,"GABRIEL, WENYEN",BES,6.18,7.35,2026-09-30T04:07:52.635455+00:00
4,38,014026,"FRISCH, CLEMENT",BAS,4.4,3.68,2026-09-30T04:07:52.635455+00:00
4,38,014103,"SOUZA, PEDRO",BAS,0.0,0.0,2026-09-30T04:07:52.635455+00:00
4,38,014107,"JOKSIMOVIC, STEFAN",BAS,1.64,3.15,2026-09-30T04:07:52.635455+00:00
4,38,014152,"SIMMONS, KOBI",BAS,6.94,3.15,2026-09-30T04:07:52.635455+00:00
4,38,014207,"OMORUYI, EUGENE",BES,12.75,15.75,2026-09-30T04:07:52.635455+00:00
4,38,014506,"ALVES DE SOUZA, THIERRY HENRY",BAS,0.0,0.0,2026-09-30T04:07:52.635455+00:00
4,38,014734,"LAWSON, A.J.",BAS,16.36,15.75,2026-09-30T04:07:52.635455+00:00
4,38,014735,"DUARTE, CHRIS",BAS,7.64,7.35,2026-09-30T04:07:52.635455+00:00
4,38,014736,"BAUGH, DAMION",BAS,6.43,6.3,2026-09-30T04:07:52.635455+00:00
4,38,014785,"JEFFRIES, DAQUAN",BES,0.0,-3.15,2026-09-30T04:07:52.635455+00:00
4,38,014786,"NOWELL, JAYLEN",BES,13.58,13.65,2026-09-30T04:07:52.635455+00:00
4,39,000898,"VALANCIUNAS, JONAS",ZAL,22.87,23.62,2026-09-30T04:07:52.635455+00:00
4,39,002328,"GRIGONIS, MARIUS",ZAL,3.32,6.3,2026-09-30T04:07:52.635455+00:00
4,39,002329,"ULANOVAS, EDGARAS",ZAL,5.82,5.78,2026-09-30T04:07:52.635455+00:00
4,39,002676,"BUTKEVICIUS, ARNAS",ZAL,6.77,6.82,2026-09-30T04:07:52.635455+00:00
4,39,007029,"SIRVYDIS, DEIVIDAS",ZAL,1.55,1.05,2026-09-30T04:07:52.635455+00:00
4,39,007032,"LO, MAODO",ZAL,2.95,0.0,2026-09-30T04:07:52.635455+00:00
4,39,007464,"PARRA, JOEL",BAR,5.5,3.68,2026-09-30T04:07:52.635455+00:00
4,39,007513,"GIEDRAITIS, DOVYDAS",ZAL,0.16,-1.05,2026-09-30T04:07:52.635455+00:00
4,39,007553,"BALCEROWSKI, OLEK",BAR,14.45,15.23,2026-09-30T04:07:52.635455+00:00
4,39,007982,"WILLIAMS-GOSS, NIGEL",ZAL,11.91,14.7,2026-09-30T04:07:52.635455+00:00
4,39,008186,"BLAZEVIC, MAREK",ZAL,1.52,1.58,2026-09-30T04:07:52.635455+00:00
4,39,008192,"TUBELIS, AZUOLAS",ZAL,17.61,23.62,2026-09-30T04:07:52.635455+00:00
4,39,009862,"PUNTER, KEVIN",BAR,20.64,26.25,2026-09-30T04:07:52.635455+00:00
4,39,009992,"BRIZUELA, DARIO",BAR,5.03,4.2,2026-09-30T04:07:52.635455+00:00
4,39,010062,"UBAL, AGUSTIN",BAR,0.0,0.0,2026-09-30T04:07:52.635455+00:00
4,39,010106,"NUNEZ, JUAN",BAR,0.0,0.0,2026-09-30T04:07:52.635455+00:00
4,39,011199,"NEBO, JOSH",BAR,13.68,14.42,2026-09-30T04:07:52.635455+00:00
4,39,011927,"SLEVA, DUSTIN",ZAL,4.47,3.68,2026-09-30T04:07:52.635455+00:00
4,39,011935,"MAKOUNDOU, YOAN",BAR,4.21,4.43,2026-09-30T04:07:52.635455+00:00
4,39,011987,"EDWARDS, CARSEN",ZAL,10.7,12.08,2026-09-30T04:07:52.635455+00:00
4,39,012720,"BROWN, STERLING",ZAL,11.52,13.65,2026-09-30T04:07:52.635455+00:00
4,39,012879,"KONE, ABDU",BAR,0.0,0.0,2026-09-30T04:07:52.635455+00:00
4,39,013389,"LEE, SABEN",ZAL,6.19,6.84,2026-09-30T04:07:52.635455+00:00
4,39,013845,"AKOBUNDU-EHIOGU, KAODIRICHI",ZAL,0.0,0.0,2026-09-30T04:07:52.635455+00:00
4,39,013855,"GIBSON, UMOJA",BAR,14.07,14.18,2026-09-30T04:07:52.635455+00:00
4,39,014008,"ROBINSON, JUSTIN",BAR,10.98,7.88,2026-09-30T04:07:52.635455+00:00
4,39,015138,"MARTIN, TYRESE",BAR,1.1,1.05,2026-09-30T04:07:52.635455+00:00
4,39,015139,"UMUDE, STANLEY",BAR,9.93,9.45,2026-09-30T04:07:52.635455+00:00
4,39,015140,"NKAMHOUA, OLIVIER",BAR,5.52,5.25,2026-09-30T04:07:52.635455+00:00
4,39,015141,"EVBUOMWAN, TOSAN",BAR,0.0,0.0,2026-09-30T04:07:52.635455+00:00
4,39,015142,"MINAYA, JUSTIN",BAR,1.56,1.58,2026-09-30T04:07:52.635455+00:00
4,40,001255,"PAPANIKOLAOU, KOSTAS",OLY,3.85,5.25,2026-09-30T04:07:52.635455+00:00
4,40,003048,"DUNSTON, BRYANT",OLY,1.37,0.0,2026-09-30T04:07:52.635455+00:00
4,40,003112,"SARIC, DARIO",IST,16.24,18.9,2026-09-30T04:07:52.635455+00:00
4,40,003469,"VEZENKOV, SASHA",OLY,26.17,29.4,2026-09-30T04:07:52.635455+00:00
4,40,003941,"MILUTINOV, NIKOLA",OLY,11.67,3.15,2026-09-30T04:07:52.635455+00:00
4,40,004093,"YILDIZLI, BURAKCAN",IST,0.0,0.0,2026-09-30T04:07:52.635455+00:00
4,40,005368,"YUSTA, SANTI",IST,1.8,2.1,2026-09-30T04:07:52.635455+00:00
4,40,005844,"PAPAGIANNIS, GEORGIOS",IST,4.31,5.46,2026-09-30T04:07:52.635455+00:00
4,40,005985,"JAMES, MIKE",IST,16.75,19.42,2026-09-30T04:07:52.635455+00:00
4,40,006372,"YILMAZ, ERKAN",IST,0.46,0.0,2026-09-30T04:07:52.635455+00:00
4,40,008099,"STRAZEL, MATTHEW",IST,9.85,11.55,2026-09-30T04:07:52.635455+00:00
4,40,008176,"MUTAF, DAVID",IST,0.49,0.58,2026-09-30T04:07:52.635455+00:00
4,40,009048,"MILLER-MCINTYRE, CODI",OLY,9.25,3.68,2026-09-30T04:07:52.635455+00:00
4,40,009549,"CORDINIER, ISAIA",IST,7.75,9.1,2026-09-30T04:07:52.635455+00:00
4,40,009754,"LOYD, JORDAN",IST,6.0,3.68,2026-09-30T04:07:52.635455+00:00
4,40,009849,"DORSEY, TYLER",OLY,17.63,19.42,2026-09-30T04:07:52.635455+00:00
4,40,010042,"MONTERO, JEAN",OLY,20.53,21.0,2026-09-30T04:07:52.635455+00:00
4,40,010091,"PLOTAS, NIKOLAOS",OLY,0.0,0.0,2026-09-30T04:07:52.635455+00:00
4,40,010318,"DESSERT, BRICE",IST,4.06,5.14,2026-09-30T04:07:52.635455+00:00
4,40,011196,"HALL, DONTA",OLY,9.99,8.93,2026-09-30T04:07:52.635455+00:00
4,40,011981,"JONES, TYRIQUE",OLY,10.48,8.4,2026-09-30T04:07:52.635455+00:00
4,40,012609,"MALCOLM, COLLIN",IST,6.16,5.78,2026-09-30T04:07:52.635455+00:00
4,40,012610,"WARD, TYSON",OLY,10.72,13.12,2026-09-30T04:07:52.635455+00:00
4,40,012710,"OSMANI, ERCAN",IST,6.55,4.2,2026-09-30T04:07:52.635455+00:00
4,40,012731,"NDIAYE, MBAYE",OLY,8.4,6.82,2026-09-30T04:07:52.635455+00:00
4,40,012742,"DOZIER, PJ",IST,7.3,9.45,2026-09-30T04:07:52.635455+00:00
4,40,013141,"BOURNELES, GEORGIOS",OLY,0.0,0.0,2026-09-30T04:07:52.635455+00:00
4,40,013380,"FOURNIER, EVAN",OLY,9.84,10.5,2026-09-30T04:07:52.635455+00:00
4,40,013422,"FENEMEN, RUZGAR",IST,0.0,0.0,2026-09-30T04:07:52.635455+00:00
4,40,013431,"KARUTASU, DARIUS",IST,0.0,0.0,2026-09-30T04:07:52.635455+00:00
4,40,013667,"FERNANDO, BRUNO",IST,6.58,6.82,2026-09-30T04:07:52.635455+00:00
4,40,013943,"RUSSELL, DARON",IST,2.68,3.15,2026-09-30T04:07:52.635455+00:00
4,40,014102,"JONES, KAI",IST,7.03,9.98,2026-09-30T04:07:52.635455+00:00
4,40,014122,"NETZIPOGLOU, OMIROS",OLY,0.0,-0.38,2026-09-30T04:07:52.635455+00:00
4,40,014316,"JOSEPH, CORY",OLY,2.38,-2.1,2026-09-30T04:07:52.635455+00:00
4,40,015126,"KARAGIANNIDIS, ANTONIS",OLY,0.0,0.0,2026-09-30T04:07:52.635455+00:00
4,40,F7347,"PAPAS, GEORGE",OLY,0.0,0.0,2026-09-30T04:07:52.635455+00:00
5,41,000229,"JACKSON, EDWIN",ASV,4.2,4.11,2026-09-30T04:07:52.635455+00:00
5,41,003526,"LIGHTY, DAVID",ASV,8.04,11.55,2026-09-30T04:07:52.635455+00:00
5,41,004007,"DOBRIC, OGNJEN",RED,1.91,0.0,2026-09-30T04:07:52.635455+00:00
5,41,006482,"KRAMER, DAVID",RED,1.92,3.15,2026-09-30T04:07:52.635455+00:00
5,41,006832,"PONS, YVES",ASV,11.8,11.55,2026-09-30T04:07:52.635455+00:00
5,41,007483,"DOSSOU-YOVO, MATHIS",ASV,0.0,0.0,2026-09-30T04:07:52.635455+00:00
5,41,007960,"DAVIDOVAC, DEJAN",RED,2.36,2.47,2026-09-30T04:07:52.635455+00:00
5,41,009035,"BOLOMBOY, JOEL",ASV,6.72,5.25,2026-09-30T04:07:52.635455+00:00
5,41,010262,"DJURISIC, NIKOLA",RED,0.0,0.0,2026-09-30T04:07:52.635455+00:00
5,41,010391,"WEILER-BABB, NICK",RED,5.43,1.58,2026-09-30T04:07:52.635455+00:00
5,41,010568,"JONES, CHRIS",RED,13.53,16.28,2026-09-30T04:07:52.635455+00:00
5,41,011157,"MOTLEY, JOHNATHAN",RED,0.0,-6.3,2026-09-30T04:07:52.635455+00:00
5,41,011305,"CARTER, TYSON",RED,4.87,7.88,2026-09-30T04:07:52.635455+00:00
5,41,011980,"SESTINA, NATHAN",ASV,0.61,0.0,2026-09-30T04:07:52.635455+00:00
5,41,011982,"OJELEYE, SEMI",RED,9.33,11.02,2026-09-30T04:07:52.635455+00:00
5,41,012201,"MONEKE, CHIMA",RED,14.11,11.55,2026-09-30T04:07:52.635455+00:00
5,41,012618,"MASSA, BODIAN",ASV,1.61,-1.05,2026-09-30T04:07:52.635455+00:00
5,41,012806,"BJELIC, ANDREJ",RED,0.0,0.0,2026-09-30T04:07:52.635455+00:00
5,41,012948,"NEDELJKOVIC, ALEKSEJ",RED,0.0,0.0,2026-09-30T04:07:52.635455+00:00
5,41,013269,"CALE, MYLES",ASV,0.34,-2.1,2026-09-30T04:07:52.635455+00:00
5,41,013363,"NWORA, JORDAN",RED,13.18,11.55,2026-09-30T04:07:52.635455+00:00
5,41,013900,"GACH, BOTH",ASV,2.15,2.1,2026-09-30T04:07:52.635455+00:00
5,41,014029,"IZUNDU, EBUKA",RED,8.62,7.88,2026-09-30T04:07:52.635455+00:00
5,41,014094,"MILJENOVIC, STEFAN",RED,0.0,-1.05,2026-09-30T04:07:52.635455+00:00
5,41,014163,"BUTLER, JARED",RED,12.29,14.7,2026-09-30T04:07:52.635455+00:00
5,41,014728,"BALDWIN, PATRICK",RED,0.0,0.0,2026-09-30T04:07:52.635455+00:00
5,41,015161,"FODZO DADA, MARC-OWEN",ASV,18.37,17.85,2026-09-30T04:07:52.635455+00:00
5,41,015162,"WASHINGTON JR, TYTY",ASV,0.0,0.0,2026-09-30T04:07:52.635455+00:00
5,41,015163,"MILLS, PATTY",ASV,19.45,18.9,2026-09-30T04:07:52.635455+00:00
5,41,015164,"BESSON, HUGO",ASV,7.57,7.35,2026-09-30T04:07:52.635455+00:00
5,41,015165,"WATERS, TREMONT",ASV,0.0,-3.15,2026-09-30T04:07:52.635455+00:00
5,41,015166,"CROWDER, JAE",ASV,26.83,26.25,2026-09-30T04:07:52.635455+00:00
5,41,F11497,"MEDAREVIC, VOJIN",RED,0.0,0.0,2026-09-30T04:07:52.635455+00:00
5,42,001133,"SHENGELIA, TORNIKE",DUB,9.1,3.15,2026-09-30T04:07:52.635455+00:00
5,42,002581,"JAITEH, MAM",DUB,0.0,0.0,2026-09-30T04:07:52.635455+00:00
5,42,002661,"PREPELIC, KLEMEN",DUB,2.68,2.7,2026-09-30T04:07:52.635455+00:00
5,42,003458,"BERTANS, DAVIS",DUB,3.73,2.1,2026-09-30T04:07:52.635455+00:00
5,42,005713,"KURUCS, RODIONS",BAS,6.59,6.3,2026-09-30T04:07:52.635455+00:00
5,42,005942,"DANGUBIC, NEMANJA",DUB,0.33,0.32,2026-09-30T04:07:52.635455+00:00
5,42,006540,"MUSA, DZANAN",DUB,16.27,16.39,2026-09-30T04:07:52.635455+00:00
5,42,007230,"SEDEKERSKIS, TADAS",BAS,14.12,17.32,2026-09-30T04:07:52.635455+00:00
5,42,008173,"SPAGNOLO, MATTEO",BAS,6.13,5.78,2026-09-30T04:07:52.635455+00:00
5,42,008325,"KAMENJAS, KENAN",DUB,4.62,5.0,2026-09-30T04:07:52.635455+00:00
5,42,008855,"WALKUP, THOMAS",DUB,6.72,4.2,2026-09-30T04:07:52.635455+00:00
5,42,011194,"PETRUSEV, FILIP",DUB,10.37,7.35,2026-09-30T04:07:52.635455+00:00
5,42,011212,"OKOBO, ELIE",DUB,12.38,12.6,2026-09-30T04:07:52.635455+00:00
5,42,011231,"BLOSSOMGAME, JARON",DUB,8.6,6.3,2026-09-30T04:07:52.635455+00:00
5,42,011284,"FARIED, KENNETH",BAS,10.45,12.08,2026-09-30T04:07:52.635455+00:00
5,42,011286,"BACON, DWAYNE",DUB,21.6,26.25,2026-09-30T04:07:52.635455+00:00
5,42,011948,"HOWARD, MARKUS",BAS,4.09,1.58,2026-09-30T04:07:52.635455+00:00
5,42,012606,"WRIGHT IV, MCKINLEY",DUB,14.51,13.12,2026-09-30T04:07:52.635455+00:00
5,42,012700,"STEWART, DJ",BAS,8.29,8.4,2026-09-30T04:07:52.635455+00:00
5,42,012795,"ANDERSON, JUSTIN",DUB,6.61,6.45,2026-09-30T04:07:52.635455+00:00
5,42,012796,"KABENGELE, MFIONDU",DUB,17.17,18.9,2026-09-30T04:07:52.635455+00:00
5,42,014026,"FRISCH, CLEMENT",BAS,4.18,3.68,2026-09-30T04:07:52.635455+00:00
5,42,014027,"DIAKITE, MAMADI",DUB,8.13,7.35,2026-09-30T04:07:52.635455+00:00
5,42,014031,"KONDIC, KOSTA",DUB,1.38,0.0,2026-09-30T04:07:52.635455+00:00
5,42,014103,"SOUZA, PEDRO",BAS,0.0,0.0,2026-09-30T04:07:52.635455+00:00
5,42,014107,"JOKSIMOVIC, STEFAN",BAS,1.56,3.15,2026-09-30T04:07:52.635455+00:00
5,42,014152,"SIMMONS, KOBI",BAS,6.79,3.15,2026-09-30T04:07:52.635455+00:00
5,42,014506,"ALVES DE SOUZA, THIERRY HENRY",BAS,0.0,0.0,2026-09-30T04:07:52.635455+00:00
5,42,014731,"MINTZ, DAVION",DUB,1.56,1.58,2026-09-30T04:07:52.635455+00:00
5,42,014734,"LAWSON, A.J.",BAS,15.55,15.75,2026-09-30T04:07:52.635455+00:00
5,42,014735,"DUARTE, CHRIS",BAS,7.26,7.35,2026-09-30T04:07:52.635455+00:00
5,42,014736,"BAUGH, DAMION",BAS,6.3,6.3,2026-09-30T04:07:52.635455+00:00
5,43,001518,"RICCI, GIAMPAOLO",MIL,3.7,3.15,2026-09-30T04:07:52.635455+00:00
5,43,003733,"ABALDE, ALBERTO",MAD,2.84,2.62,2026-09-30T04:07:52.635455+00:00
5,43,004004,"GUDURIC, MARKO",MIL,13.4,14.7,2026-09-30T04:07:52.635455+00:00
5,43,005670,"FLACCADORI, DIEGO",MIL,0.0,-1.05,2026-09-30T04:07:52.635455+00:00
5,43,005791,"TAVARES, WALTER",MAD,12.57,9.98,2026-09-30T04:07:52.635455+00:00
5,43,005928,"CAMPAZZO, FACUNDO",MAD,13.1,12.08,2026-09-30T04:07:52.635455+00:00
5,43,006509,"TONUT, STEFANO",MIL,0.33,0.0,2026-09-30T04:07:52.635455+00:00
5,43,006833,"SARR, OLIVIER",MAD,7.25,7.35,2026-09-30T04:07:52.635455+00:00
5,43,007027,"MALEDON, THEO",MAD,13.07,14.7,2026-09-30T04:07:52.635455+00:00
5,43,007056,"BOOKER, DEVIN",MIL,8.12,6.82,2026-09-30T04:07:52.635455+00:00
5,43,007630,"GARUBA, USMAN",MAD,6.47,6.56,2026-09-30T04:07:52.635455+00:00
5,43,008384,"PROCIDA, GABRIELE",MAD,0.74,1.05,2026-09-30T04:07:52.635455+00:00
5,43,008829,"PETERS, ALEC",MIL,10.94,13.12,2026-09-30T04:07:52.635455+00:00
5,43,008985,"BOLMARO, LEANDRO",MIL,5.84,1.58,2026-09-30T04:07:52.635455+00:00
5,43,009005,"DECK, GABRIEL",MAD,3.84,0.52,2026-09-30T04:07:52.635455+00:00
5,43,010393,"PRADILLA, JAIME",MAD,7.43,7.35,2026-09-30T04:07:52.635455+00:00
5,43,011078,"THOMPSON, DARIUS",MIL,9.0,7.88,2026-09-30T04:07:52.635455+00:00
5,43,011205,"HALL, DEVON",MIL,11.55,13.65,2026-09-30T04:07:52.635455+00:00
5,43,011247,"FELIZ, ANDRES",MAD,9.61,12.08,2026-09-30T04:07:52.635455+00:00
5,43,011816,"AKELE, NICOLA",MIL,3.03,3.11,2026-09-30T04:07:52.635455+00:00
5,43,012080,"LUWAWU-CABARROT, TIMOTHE",MAD,5.43,-2.62,2026-09-30T04:07:52.635455+00:00
5,43,012613,"JANTUNEN, MIKAEL",MAD,5.91,7.88,2026-09-30T04:07:52.635455+00:00
5,43,012878,"WRIGHT, MOSES",MIL,15.03,13.12,2026-09-30T04:07:52.635455+00:00
5,43,013385,"DIOP, OUSMANE",MIL,0.56,0.57,2026-09-30T04:07:52.635455+00:00
5,43,013929,"COLE, RJ",MIL,1.05,1.05,2026-09-30T04:07:52.635455+00:00
5,43,014006,"OKEKE, CHUMA",MAD,11.49,14.7,2026-09-30T04:07:52.635455+00:00
5,43,014782,"BURNELL, JASON",MIL,6.12,6.3,2026-09-30T04:07:52.635455+00:00
5,43,014783,"MATHEWS, GARRISON",MIL,3.16,3.15,2026-09-30T04:07:52.635455+00:00
5,43,015102,"SHULGA, MAKSYM",MAD,0.0,0.0,2026-09-30T04:07:52.635455+00:00
5,43,015103,"JONES, DAMIAN",MAD,5.18,5.25,2026-09-30T04:07:52.635455+00:00
5,43,015244,"SMITH JR, NICK",MAD,9.27,10.5,2026-09-30T04:07:52.635455+00:00
5,43,F12145,"SMITH JR, NICK",MAD,0.0,0.0,2026-09-28T15:15:37.608732+00:00
5,43,TGB,"LLULL, SERGIO",MAD,1.94,2.0,2026-09-30T04:07:52.635455+00:00
5,44,004132,"THEIS, DANIEL",TEL,10.39,9.45,2026-09-30T04:07:52.635455+00:00
5,44,006020,"EBO, AMIT",TEL,0.0,0.0,2026-09-30T04:07:52.635455+00:00
5,44,006835,"HOARD, JAYLEN",TEL,16.88,21.0,2026-09-30T04:07:52.635455+00:00
5,44,007464,"PARRA, JOEL",BAR,5.49,3.68,2026-09-30T04:07:52.635455+00:00
5,44,007553,"BALCEROWSKI, OLEK",BAR,15.77,15.23,2026-09-30T04:07:52.635455+00:00
5,44,007990,"DIBARTOLOMEO, JOHN",TEL,0.24,-3.15,2026-09-30T04:07:52.635455+00:00
5,44,009783,"COLSON, BONZIE",TEL,4.41,1.05,2026-09-30T04:07:52.635455+00:00
5,44,009862,"PUNTER, KEVIN",BAR,21.47,26.25,2026-09-30T04:07:52.635455+00:00
5,44,009992,"BRIZUELA, DARIO",BAR,5.23,4.2,2026-09-30T04:07:52.635455+00:00
5,44,010062,"UBAL, AGUSTIN",BAR,0.0,0.0,2026-09-30T04:07:52.635455+00:00
5,44,010106,"NUNEZ, JUAN",BAR,0.0,0.0,2026-09-30T04:07:52.635455+00:00
5,44,010781,"LUNDBERG, IFFE",TEL,4.05,-3.15,2026-09-30T04:07:52.635455+00:00
5,44,011052,"MADAR, YAM",TEL,8.47,16.8,2026-09-30T04:07:52.635455+00:00
5,44,011199,"NEBO, JOSH",BAR,14.93,14.42,2026-09-30T04:07:52.635455+00:00
5,44,011219,"SORKIN, ROMAN",TEL,14.2,16.8,2026-09-30T04:07:52.635455+00:00
5,44,011935,"MAKOUNDOU, YOAN",BAR,4.59,4.43,2026-09-30T04:07:52.635455+00:00
5,44,012879,"KONE, ABDU",BAR,0.0,0.0,2026-09-30T04:07:52.635455+00:00
5,44,013381,"RAYMAN, WILLIAM",TEL,1.74,1.05,2026-09-30T04:07:52.635455+00:00
5,44,013699,"CLARK III, JIMMY",TEL,7.17,7.35,2026-09-30T04:07:52.635455+00:00
5,44,013855,"GIBSON, UMOJA",BAR,14.64,14.18,2026-09-30T04:07:52.635455+00:00
5,44,014008,"ROBINSON, JUSTIN",BAR,11.42,7.88,2026-09-30T04:07:52.635455+00:00
5,44,014012,"LEAF, TJ",TEL,11.81,13.17,2026-09-30T04:07:52.635455+00:00
5,44,014015,"BACOT JR., ARMANDO",TEL,1.03,1.05,2026-09-30T04:07:52.635455+00:00
5,44,014120,"LAVI, GUR",TEL,2.05,2.28,2026-09-30T04:07:52.635455+00:00
5,44,014127,"BRISSETT, O'SHAE J",TEL,9.61,10.5,2026-09-30T04:07:52.635455+00:00
5,44,015085,"WALLACE, KEATON",TEL,0.0,-3.15,2026-09-30T04:07:52.635455+00:00
5,44,015138,"MARTIN, TYRESE",BAR,1.1,1.05,2026-09-30T04:07:52.635455+00:00
5,44,015139,"UMUDE, STANLEY",BAR,9.91,9.45,2026-09-30T04:07:52.635455+00:00
5,44,015140,"NKAMHOUA, OLIVIER",BAR,5.5,5.25,2026-09-30T04:07:52.635455+00:00
5,44,015141,"EVBUOMWAN, TOSAN",BAR,0.0,0.0,2026-09-30T04:07:52.635455+00:00
5,44,015142,"MINAYA, JUSTIN",BAR,1.63,1.58,2026-09-30T04:07:52.635455+00:00
5,44,F11523,"HUNTER, SHANE",TEL,0.0,0.0,2026-09-30T04:07:52.635455+00:00
5,45,000796,"MIROTIC, NIKOLA",PAM,16.23,17.85,2026-09-30T04:07:52.635455+00:00
5,45,001255,"PAPANIKOLAOU, KOSTAS",OLY,3.7,5.25,2026-09-30T04:07:52.635455+00:00
5,45,003048,"DUNSTON, BRYANT",OLY,1.32,0.0,2026-09-30T04:07:52.635455+00:00
5,45,003469,"VEZENKOV, SASHA",OLY,25.14,29.4,2026-09-30T04:07:52.635455+00:00
5,45,003941,"MILUTINOV, NIKOLA",OLY,11.21,3.15,2026-09-30T04:07:52.635455+00:00
5,45,005596,"SIMA, YANKUBA",PAM,0.33,0.35,2026-09-30T04:07:52.635455+00:00
5,45,006643,"PUERTO, JOSEP",PAM,6.63,7.35,2026-09-30T04:07:52.635455+00:00
5,45,009048,"MILLER-MCINTYRE, CODI",OLY,8.09,3.68,2026-09-30T04:07:52.635455+00:00
5,45,009849,"DORSEY, TYLER",OLY,15.42,19.42,2026-09-30T04:07:52.635455+00:00
5,45,010042,"MONTERO, JEAN",OLY,17.96,21.0,2026-09-30T04:07:52.635455+00:00
5,45,010091,"PLOTAS, NIKOLAOS",OLY,0.0,0.0,2026-09-30T04:07:52.635455+00:00
5,45,010545,"SAKO, NEAL",PAM,7.46,8.93,2026-09-30T04:07:52.635455+00:00
5,45,010581,"OSETKOWSKI, DYLAN",PAM,9.87,11.55,2026-09-30T04:07:52.635455+00:00
5,45,010754,"MARI, LUCAS",PAM,0.0,0.0,2026-09-30T04:07:52.635455+00:00
5,45,011196,"HALL, DONTA",OLY,9.59,8.93,2026-09-30T04:07:52.635455+00:00
5,45,011214,"RIVERO, JASIEL",PAM,8.06,10.5,2026-09-30T04:07:52.635455+00:00
5,45,011217,"TAYLOR, KAMERON",PAM,15.44,15.75,2026-09-30T04:07:52.635455+00:00
5,45,011706,"SAINT-SUPERY, MARIO",PAM,4.27,4.2,2026-09-30T04:07:52.635455+00:00
5,45,011981,"JONES, TYRIQUE",OLY,10.06,8.4,2026-09-30T04:07:52.635455+00:00
5,45,012608,"SHORTS, TJ",PAM,15.55,21.0,2026-09-30T04:07:52.635455+00:00
5,45,012610,"WARD, TYSON",OLY,10.3,13.12,2026-09-30T04:07:52.635455+00:00
5,45,012731,"NDIAYE, MBAYE",OLY,8.08,6.82,2026-09-30T04:07:52.635455+00:00
5,45,012738,"REUVERS, NATHAN",PAM,8.21,5.25,2026-09-30T04:07:52.635455+00:00
5,45,013141,"BOURNELES, GEORGIOS",OLY,0.0,0.0,2026-09-30T04:07:52.635455+00:00
5,45,013380,"FOURNIER, EVAN",OLY,9.46,10.5,2026-09-30T04:07:52.635455+00:00
5,45,013384,"BROOKS, ARMONI",PAM,12.41,13.12,2026-09-30T04:07:52.635455+00:00
5,45,014115,"MOORE, OMARI",PAM,8.13,7.88,2026-09-30T04:07:52.635455+00:00
5,45,014122,"NETZIPOGLOU, OMIROS",OLY,0.0,-0.38,2026-09-30T04:07:52.635455+00:00
5,45,014316,"JOSEPH, CORY",OLY,2.08,-2.1,2026-09-30T04:07:52.635455+00:00
5,45,014739,"GUEYE, MOUHAMADOU",PAM,0.0,0.0,2026-09-30T04:07:52.635455+00:00
5,45,014740,"CORBALAN, GONZALO",PAM,0.0,0.0,2026-09-30T04:07:52.635455+00:00
5,45,014741,"CARDENAS, ALVARO",PAM,1.07,1.05,2026-09-30T04:07:52.635455+00:00
5,45,015126,"KARAGIANNIDIS, ANTONIS",OLY,0.0,0.0,2026-09-30T04:07:52.635455+00:00
5,45,F7347,"PAPAS, GEORGE",OLY,0.0,0.0,2026-09-30T04:07:52.635455+00:00
5,46,000898,"VALANCIUNAS, JONAS",ZAL,21.47,23.62,2026-09-30T04:07:52.635455+00:00
5,46,002328,"GRIGONIS, MARIUS",ZAL,3.06,6.3,2026-09-30T04:07:52.635455+00:00
5,46,002329,"ULANOVAS, EDGARAS",ZAL,5.33,5.78,2026-09-30T04:07:52.635455+00:00
5,46,002676,"BUTKEVICIUS, ARNAS",ZAL,6.2,6.82,2026-09-30T04:07:52.635455+00:00
5,46,002849,"MELLI, NICOLO",ULK,11.66,11.55,2026-09-30T04:07:52.635455+00:00
5,46,002968,"SANLI, SERTAC",ULK,3.2,5.25,2026-09-30T04:07:52.635455+00:00
5,46,002969,"MAHMUTOGLU, MELIH",ULK,0.07,0.07,2026-09-30T04:07:52.635455+00:00
5,46,004888,"CLYBURN, WILL",ULK,12.35,8.93,2026-09-30T04:07:52.635455+00:00
5,46,006896,"SARGIUNAS, IGNAS",ULK,9.33,9.45,2026-09-30T04:07:52.635455+00:00
5,46,007029,"SIRVYDIS, DEIVIDAS",ZAL,1.43,1.05,2026-09-30T04:07:52.635455+00:00
5,46,007032,"LO, MAODO",ZAL,2.72,0.0,2026-09-30T04:07:52.635455+00:00
5,46,007200,"LARKIN, SHANE",ULK,15.64,15.84,2026-09-30T04:07:52.635455+00:00
5,46,007513,"GIEDRAITIS, DOVYDAS",ZAL,0.15,-1.05,2026-09-30T04:07:52.635455+00:00
5,46,007831,"SHIELDS, SHAVON",ULK,11.26,8.93,2026-09-30T04:07:52.635455+00:00
5,46,007929,"BITIM, ONURALP",ULK,1.09,0.0,2026-09-30T04:07:52.635455+00:00
5,46,007982,"WILLIAMS-GOSS, NIGEL",ZAL,10.98,14.7,2026-09-30T04:07:52.635455+00:00
5,46,008186,"BLAZEVIC, MAREK",ZAL,1.43,1.58,2026-09-30T04:07:52.635455+00:00
5,46,008192,"TUBELIS, AZUOLAS",ZAL,16.14,23.62,2026-09-30T04:07:52.635455+00:00
5,46,009863,"BALDWIN IV, WADE",ULK,17.64,18.38,2026-09-30T04:07:52.635455+00:00
5,46,011927,"SLEVA, DUSTIN",ZAL,4.1,3.68,2026-09-30T04:07:52.635455+00:00
5,46,011987,"EDWARDS, CARSEN",ZAL,9.86,12.08,2026-09-30T04:07:52.635455+00:00
5,46,012720,"BROWN, STERLING",ZAL,10.61,13.65,2026-09-30T04:07:52.635455+00:00
5,46,013367,"FORREST, TRENT",ULK,10.54,7.88,2026-09-30T04:07:52.635455+00:00
5,46,013389,"LEE, SABEN",ZAL,5.7,6.84,2026-09-30T04:07:52.635455+00:00
5,46,013506,"BINGHAM, MARCUS",ULK,14.85,15.75,2026-09-30T04:07:52.635455+00:00
5,46,013845,"AKOBUNDU-EHIOGU, KAODIRICHI",ZAL,0.0,0.0,2026-09-30T04:07:52.635455+00:00
5,46,014124,"HORTON TUCKER, TALEN",ULK,18.23,21.0,2026-09-30T04:07:52.635455+00:00
5,46,014168,"KEY, BRAXTON",ULK,9.96,11.55,2026-09-30T04:07:52.635455+00:00
5,46,014220,"SILVA, CHRIS",ULK,1.03,-1.58,2026-09-30T04:07:52.635455+00:00
5,46,014733,"JUZANG, JOHNNY",ULK,3.3,3.15,2026-09-30T04:07:52.635455+00:00
5,47,001926,"SLOUKAS, KOSTAS",PAN,12.21,13.18,2026-09-30T04:07:52.635455+00:00
5,47,003842,"LESSORT, MATHIAS",PAN,20.02,29.4,2026-09-30T04:07:52.635455+00:00
5,47,004194,"LAUVERGNE, JOFFREY",PAR,0.0,0.0,2026-09-30T04:07:52.635455+00:00
5,47,004451,"KOUZELOGLOU, IOANNIS",PAN,0.0,0.0,2026-09-30T04:07:52.635455+00:00
5,47,004761,"MARINKOVIC, VANJA",PAR,4.29,4.37,2026-09-30T04:07:52.635455+00:00
5,47,005637,"TANASKOVIC, NIKOLA",PAR,10.67,11.02,2026-09-30T04:07:52.635455+00:00
5,47,005793,"SY, BANDJA",PAR,0.0,0.0,2026-09-30T04:07:52.635455+00:00
5,47,006544,"MORAITIS, DIMITRIS",PAN,0.0,0.0,2026-09-30T04:07:52.635455+00:00
5,47,006739,"PAJOLA, ALESSANDRO",PAR,10.27,12.08,2026-09-30T04:07:52.635455+00:00
5,47,006760,"BONGA, ISAAC",PAN,7.2,1.05,2026-09-30T04:07:52.635455+00:00
5,47,007527,"BADIO, BRANCOU",PAN,8.02,7.35,2026-09-30T04:07:52.635455+00:00
5,47,007632,"NAKIC, MARIO",PAR,0.79,-1.05,2026-09-30T04:07:52.635455+00:00
5,47,007736,"LAKIC, ARIJAN",PAR,2.12,2.1,2026-09-30T04:07:52.635455+00:00
5,47,007866,"MITOGLOU, KONSTANTINOS",PAN,9.07,14.7,2026-09-30T04:07:52.635455+00:00
5,47,007947,"VILDOZA, LUCA",PAR,13.84,15.75,2026-09-30T04:07:52.635455+00:00
5,47,007975,"FRANCISCO, SYLVAIN",PAN,18.07,18.9,2026-09-30T04:07:52.635455+00:00
5,47,008084,"MANTZOUKAS, ELEFTHERIOS",PAN,11.68,12.6,2026-09-30T04:07:52.635455+00:00
5,47,008811,"FALL, MOUSTAPHA",PAN,3.6,3.85,2026-09-30T04:07:52.635455+00:00
5,47,008962,"HAYES-DAVIS, NIGEL",PAN,12.53,13.52,2026-09-30T04:07:52.635455+00:00
5,47,009664,"WILLIS, DEREK",PAR,6.53,5.25,2026-09-30T04:07:52.635455+00:00
5,47,009733,"JEKIRI, TONYE",PAR,14.64,18.9,2026-09-30T04:07:52.635455+00:00
5,47,010357,"YABUSELE, GUERSCHON",PAN,12.65,13.65,2026-09-30T04:07:52.635455+00:00
5,47,010390,"HAYES, KEVARRIUS",PAR,6.38,5.78,2026-09-30T04:07:52.635455+00:00
5,47,011085,"ROGKAVOPOULOS, NIKOLAOS",PAN,2.05,0.0,2026-09-30T04:07:52.635455+00:00
5,47,011204,"GRANT, JERIAN",PAN,8.43,9.45,2026-09-30T04:07:52.635455+00:00
5,47,011209,"KALAITZAKIS, PANAGIOTIS",PAN,1.38,2.1,2026-09-30T04:07:52.635455+00:00
5,47,011924,"ALLMAN, KYLE",PAR,8.69,8.4,2026-09-30T04:07:52.635455+00:00
5,47,012453,"DANILOVIC, UROS",PAR,0.0,0.0,2026-09-30T04:07:52.635455+00:00
5,47,012712,"HERNANGOMEZ, JUANCHO",PAN,12.34,13.65,2026-09-30T04:07:52.635455+00:00
5,47,012774,"NUNN, KENDRICK",PAN,15.23,16.43,2026-09-30T04:07:52.635455+00:00
5,47,012943,"MIJAILOVIC, UROS",PAR,0.0,-0.52,2026-09-30T04:07:52.635455+00:00
5,47,013369,"JONES, CARLIK",PAR,25.91,30.98,2026-09-30T04:07:52.635455+00:00
5,47,014009,"STEVENS, LAMAR",PAR,10.52,12.6,2026-09-30T04:07:52.635455+00:00
5,47,014742,"THOMPSON, ETHAN",PAR,0.0,-1.05,2026-09-30T04:07:52.635455+00:00
5,47,015159,"VARVARITIS, IASON",PAN,0.0,0.0,2026-09-30T04:07:52.635455+00:00
5,48,002580,"MICIC, VASILIJE",HTA,8.62,5.78,2026-09-30T04:07:52.635455+00:00
5,48,002939,"SATORANSKY, TOMAS",HTA,7.58,4.2,2026-09-30T04:07:52.635455+00:00
5,48,003091,"BIRSEN, METECAN",BES,0.95,0.0,2026-09-30T04:07:52.635455+00:00
5,48,003783,"UGURLU, BERK",BES,5.6,6.3,2026-09-30T04:07:52.635455+00:00
5,48,004161,"SEGEV, ITAY",HTA,0.0,-0.7,2026-09-30T04:07:52.635455+00:00
5,48,004554,"ZIZIC, ANTE",BES,13.77,14.7,2026-09-30T04:07:52.635455+00:00
5,48,004846,"TIMOR, BAR",HTA,0.33,0.0,2026-09-30T04:07:52.635455+00:00
5,48,005763,"KORKMAZ, FURKAN",BES,0.0,0.0,2026-09-30T04:07:52.635455+00:00
5,48,006661,"WILBEKIN, SCOTTIE",BES,8.55,13.65,2026-09-30T04:07:52.635455+00:00
5,48,008858,"ENNIS, TYLER",HTA,1.71,1.68,2026-09-30T04:07:52.635455+00:00
5,48,008912,"CARRINGTON, KHADEEN",HTA,0.0,-1.05,2026-09-30T04:07:52.635455+00:00
5,48,008987,"LEDAY, ZACH",HTA,15.18,13.65,2026-09-30T04:07:52.635455+00:00
5,48,009025,"BROWN, ANTHONY",BES,2.77,3.15,2026-09-30T04:07:52.635455+00:00
5,48,009680,"MORGAN, CONOR",BES,11.8,12.6,2026-09-30T04:07:52.635455+00:00
5,48,009846,"BRYANT, ELIJAH",HTA,22.43,23.1,2026-09-30T04:07:52.635455+00:00
5,48,009877,"BLAYZER, OZ",HTA,0.0,0.0,2026-09-30T04:07:52.635455+00:00
5,48,010550,"GINAT, TOMER",HTA,2.47,2.38,2026-09-30T04:07:52.635455+00:00
5,48,011193,"BLATT, TAMIR",HTA,9.48,9.28,2026-09-30T04:07:52.635455+00:00
5,48,011823,"ODIASE, TAI",HTA,4.08,4.73,2026-09-30T04:07:52.635455+00:00
5,48,012096,"CABOCLO, BRUNO",HTA,2.56,0.0,2026-09-30T04:07:52.635455+00:00
5,48,012233,"AKSU, YAGIZ",BES,0.0,0.0,2026-09-30T04:07:52.635455+00:00
5,48,012788,"OTURU, DAN",HTA,19.85,21.52,2026-09-30T04:07:52.635455+00:00
5,48,013250,"DEJULIUS, DAVID",BES,5.6,6.3,2026-09-30T04:07:52.635455+00:00
5,48,013283,"PALATIN, GUY",HTA,0.07,0.07,2026-09-30T04:07:52.635455+00:00
5,48,013284,"WAINRIGHT, ISH",HTA,5.06,5.25,2026-09-30T04:07:52.635455+00:00
5,48,013285,"DOTSON, DEVON",BES,11.2,12.6,2026-09-30T04:07:52.635455+00:00
5,48,013383,"GABRIEL, WENYEN",BES,6.25,7.35,2026-09-30T04:07:52.635455+00:00
5,48,013402,"BLAKENEY, ANTONIO",HTA,9.44,7.88,2026-09-30T04:07:52.635455+00:00
5,48,014207,"OMORUYI, EUGENE",BES,12.9,15.75,2026-09-30T04:07:52.635455+00:00
5,48,014785,"JEFFRIES, DAQUAN",BES,0.0,-3.15,2026-09-30T04:07:52.635455+00:00
5,48,014786,"NOWELL, JAYLEN",BES,12.14,13.65,2026-09-30T04:07:52.635455+00:00
5,48,015151,"TOPPIN, JACOB",HTA,15.27,14.7,2026-09-30T04:07:52.635455+00:00
5,48,015152,"GERMAN, EUGENE",HTA,2.68,2.62,2026-09-30T04:07:52.635455+00:00
5,48,015153,"COFFEY, AMIR",HTA,0.0,0.0,2026-09-30T04:07:52.635455+00:00
5,48,F11510,"BOURDILLON, FREDERIC",HTA,0.0,0.0,2026-09-30T04:07:52.635455+00:00
5,48,F4215,"HEIDEGGER, MAX",HTA,0.0,0.0,2026-09-30T04:07:52.635455+00:00
5,49,001288,"LUCIC, VLADIMIR",MUN,5.08,1.58,2026-09-30T04:07:52.635455+00:00
5,49,001557,"GIFFEY, NIELS",MUN,3.17,3.64,2026-09-30T04:07:52.635455+00:00
5,49,003112,"SARIC, DARIO",IST,19.36,18.9,2026-09-30T04:07:52.635455+00:00
5,49,003958,"THIEMANN, JOHANNES",MUN,14.28,15.75,2026-09-30T04:07:52.635455+00:00
5,49,004093,"YILDIZLI, BURAKCAN",IST,0.0,0.0,2026-09-30T04:07:52.635455+00:00
5,49,004508,"OBST, ANDREAS",MUN,11.52,12.6,2026-09-30T04:07:52.635455+00:00
5,49,005368,"YUSTA, SANTI",IST,2.15,2.1,2026-09-30T04:07:52.635455+00:00
5,49,005844,"PAPAGIANNIS, GEORGIOS",IST,5.74,5.46,2026-09-30T04:07:52.635455+00:00
5,49,005985,"JAMES, MIKE",IST,20.09,19.42,2026-09-30T04:07:52.635455+00:00
5,49,006372,"YILMAZ, ERKAN",IST,0.55,0.0,2026-09-30T04:07:52.635455+00:00
5,49,007201,"VOIGTMANN, JOHANNES",MUN,8.74,13.12,2026-09-30T04:07:52.635455+00:00
5,49,007519,"JOKUBAITIS, ROKAS",MUN,10.07,11.02,2026-09-30T04:07:52.635455+00:00
5,49,008099,"STRAZEL, MATTHEW",IST,11.81,11.55,2026-09-30T04:07:52.635455+00:00
5,49,008176,"MUTAF, DAVID",IST,0.59,0.58,2026-09-30T04:07:52.635455+00:00
5,49,009513,"HOLLATZ, JUSTUS",MUN,1.52,-0.52,2026-09-30T04:07:52.635455+00:00
5,49,009549,"CORDINIER, ISAIA",IST,9.29,9.1,2026-09-30T04:07:52.635455+00:00
5,49,009754,"LOYD, JORDAN",IST,7.2,3.68,2026-09-30T04:07:52.635455+00:00
5,49,010318,"DESSERT, BRICE",IST,5.4,5.14,2026-09-30T04:07:52.635455+00:00
5,49,010726,"JENSEN, TOBIAS",MUN,5.75,6.3,2026-09-30T04:07:52.635455+00:00
5,49,011244,"DA SILVA, OSCAR",MUN,4.32,2.62,2026-09-30T04:07:52.635455+00:00
5,49,012158,"JERKIC, NIKO",MUN,0.0,0.0,2026-09-30T04:07:52.635455+00:00
5,49,012597,"BALDWIN, KAMAR",MUN,5.33,5.83,2026-09-30T04:07:52.635455+00:00
5,49,012609,"MALCOLM, COLLIN",IST,7.35,5.78,2026-09-30T04:07:52.635455+00:00
5,49,012710,"OSMANI, ERCAN",IST,7.81,4.2,2026-09-30T04:07:52.635455+00:00
5,49,012742,"DOZIER, PJ",IST,8.75,9.45,2026-09-30T04:07:52.635455+00:00
5,49,012838,"SUSIC, ANDRIJA",MUN,0.0,0.0,2026-09-30T04:07:52.635455+00:00
5,49,013278,"WILEY, AUSTIN",MUN,5.24,5.78,2026-09-30T04:07:52.635455+00:00
5,49,013290,"JESSUP, JUSTINIAN",MUN,6.01,5.25,2026-09-30T04:07:52.635455+00:00
5,49,013370,"WASHINGTON, DUANE",MUN,12.85,16.8,2026-09-30T04:07:52.635455+00:00
5,49,013422,"FENEMEN, RUZGAR",IST,0.0,0.0,2026-09-30T04:07:52.635455+00:00
5,49,013431,"KARUTASU, DARIUS",IST,0.0,0.0,2026-09-30T04:07:52.635455+00:00
5,49,013541,"VOSSENBERG, CASPAR",MUN,0.0,0.0,2026-09-30T04:07:52.635455+00:00
5,49,013579,"FISCHER, KILIAN",MUN,0.0,0.0,2026-09-30T04:07:52.635455+00:00
5,49,013667,"FERNANDO, BRUNO",IST,8.77,6.82,2026-09-30T04:07:52.635455+00:00
5,49,013943,"RUSSELL, DARON",IST,3.22,3.15,2026-09-30T04:07:52.635455+00:00
5,49,014102,"JONES, KAI",IST,9.36,9.98,2026-09-30T04:07:52.635455+00:00
5,49,014134,"NORRIS, MILES",MUN,2.77,2.1,2026-09-30T04:07:52.635455+00:00
5,49,014732,"BEAUCHAMP, MARJON",MUN,6.4,7.35,2026-09-30T04:07:52.635455+00:00
5,50,001844,"HACKETT, DANIEL",VIR,1.44,-1.05,2026-09-30T04:07:52.635455+00:00
5,50,006591,"NTILIKINA, FRANK",PRS,0.78,-1.05,2026-09-30T04:07:52.635455+00:00
5,50,006707,"BALDASSO, TOMMASO",VIR,4.02,4.2,2026-09-30T04:07:52.635455+00:00
5,50,006904,"AYAYI, JOEL",PRS,2.23,2.16,2026-09-30T04:07:52.635455+00:00
5,50,007993,"M'BAYE, AMATH",PRS,6.76,6.49,2026-09-30T04:07:52.635455+00:00
5,50,009400,"CASARIN, DAVIDE",VIR,0.0,0.0,2026-09-30T04:07:52.635455+00:00
5,50,010431,"MORGAN, JEREMY",PRS,4.02,2.1,2026-09-30T04:07:52.635455+00:00
5,50,011837,"KOKILA, KEVIN",VIR,0.0,0.0,2026-09-30T04:07:52.635455+00:00
5,50,011949,"HOMMES, DAULTON",PRS,1.98,0.0,2026-09-30T04:07:52.635455+00:00
5,50,012403,"FAYE, MOUHAMED",PRS,4.85,2.62,2026-09-30T04:07:52.635455+00:00
5,50,012515,"TARPEY, TERRY",PRS,5.38,6.82,2026-09-30T04:07:52.635455+00:00
5,50,012611,"HERRERA, SEBASTIAN",PRS,6.86,7.88,2026-09-30T04:07:52.635455+00:00
5,50,012640,"HIFI, NADIR",PRS,14.77,11.02,2026-09-30T04:07:52.635455+00:00
5,50,012707,"CARR, MARCUS",VIR,7.53,7.88,2026-09-30T04:07:52.635455+00:00
5,50,013028,"BAIOCCHI, MATTEO",VIR,0.0,-0.9,2026-09-30T04:07:52.635455+00:00
5,50,013373,"CAVALIERE, LEOPOLD",PRS,5.56,5.78,2026-09-30T04:07:52.635455+00:00
5,50,013374,"DIOUF, MOUHAMET",VIR,7.98,5.25,2026-09-30T04:07:52.635455+00:00
5,50,014005,"ALSTON JR. , DERRICK",VIR,6.17,4.73,2026-09-30T04:07:52.635455+00:00
5,50,014010,"DOKOSSI, ALLAN",PRS,7.4,5.78,2026-09-30T04:07:52.635455+00:00
5,50,014108,"DIARRA, ALIOU",VIR,12.37,16.8,2026-09-30T04:07:52.635455+00:00
5,50,014178,"RHODEN, JARED",PRS,10.18,11.02,2026-09-30T04:07:52.635455+00:00
5,50,014219,"FERRARI, FRANCESCO",VIR,1.99,1.58,2026-09-30T04:07:52.635455+00:00
5,50,014416,"EDWARDS, KESSLER",VIR,9.01,13.12,2026-09-30T04:07:52.635455+00:00
5,50,014737,"MOORE, WENDELL",VIR,10.55,11.02,2026-09-30T04:07:52.635455+00:00
5,50,014738,"KLINTMAN, BO",VIR,5.83,6.3,2026-09-30T04:07:52.635455+00:00
5,50,014801,"PEREIRA, MAOZINHA",PRS,0.0,0.0,2026-09-30T04:07:52.635455+00:00
5,50,014802,"BELLO, RASHEED",VIR,0.5,0.52,2026-09-30T04:07:52.635455+00:00
5,50,015029,"FRAZIER, TRENT",VIR,8.54,8.93,2026-09-30T04:07:52.635455+00:00
5,50,015143,"ETIENNE, TYSON",PRS,8.13,7.88,2026-09-30T04:07:52.635455+00:00
5,50,015160,"JOHNSON, ALIZE",PRS,3.28,3.15,2026-09-30T04:07:52.635455+00:00
5,50,015168,"WARREN, TJ",PRS,10.94,10.5,2026-09-30T04:07:52.635455+00:00
5,50,F11531,"BOUNGOU-COLO, NOBEL",PRS,0.0,0.0,2026-09-30T04:07:52.635455+00:00
